,通知人,标题,日期,详细链接,附件
0,质量办,关于举办福州大学第七十六场“教学有道”暨版画教学专题研讨会的通知,2025-12-10,https://jwch.fzu.edu.cn/info/1040/14402.htm,[]
1,计划科,关于组织申报2025-2026学年第二学期通识教育选修课的通知,2025-11-24,https://jwch.fzu.edu.cn//info/1038/14369.htm,[]
2,教学运行,关于2026年元旦放假课程调整的通知,2025-12-29,https://jwch.fzu.edu.cn/info/1036/14431.htm,[]
3,质量办,关于开展首轮学院本科教学管理质量评估自评工作的通知,2025-12-05,https://jwch.fzu.edu.cn/info/1040/14399.htm,[]
4,教学运行,关于2025-2026学年第二学期本科生学期选课的通知,2026-01-05,https://jwch.fzu.edu.cn/info/1036/14463.htm,[]
5,质量办,关于举办福州大学第七十五场“教学有道”研讨活动的通知,2025-12-09,https://jwch.fzu.edu.cn/info/1040/14401.htm,[]
6,质量办,关于举办福州大学第七十七场“教学有道”研讨活动的通知,2025-12-18,https://jwch.fzu.edu.cn/info/1040/14416.htm,[]
7,教材中心,福州大学关于印发教材委员会章程的通知,2025-11-18,https://jwch.fzu.edu.cn//info/1042/14363.htm,[]
8,教学通知,福州大学关于印发教材委员会章程的通知,2025-11-18,https://jwch.fzu.edu.cn//info/1012/14362.htm,[]
9,教研教改,福州大学关于收集线上课程资源需求的通知（2026）,2026-01-04,https://jwch.fzu.edu.cn/info/1037/14447.htm,[]
10,综合科,关于2025-2026学年第一学期再次开放本科生学生证补办、火车票优惠区间更改及信息采集的通知,2025-11-12,https://jwch.fzu.edu.cn//info/1035/14344.htm,[]
11,计划科,关于2025-2026学年第一学期在校学生申请辅修专业的通知,2025-11-17,https://jwch.fzu.edu.cn//info/1038/14361.htm,[]
12,教学运行,关于做好期末复习考试及下学期开学等工作的通知,2026-01-04,https://jwch.fzu.edu.cn/info/1036/14451.htm,[]
13,教学运行,关于2025-2026学年第一学期《中国近现代史纲要》课程期末考试安排的通知,2025-12-31,https://jwch.fzu.edu.cn/info/1036/14441.htm,"[{'附件名': '【2501史纲随堂考.xlsx】', '下载次数': 195, '链接码': '/system/_content/download.jsp?urltype=news.DownloadAttachUrl&owner=1744984858&wbfileid=16759636'}]"
14,教学运行,关于2025-2026学年第一学期计算机语言类课程期末考试安排的通知,2025-12-31,https://jwch.fzu.edu.cn/info/1036/14442.htm,"[{'附件名': '【2501计算机语言课程期末考-1.10上午.xlsx】', '下载次数': 31, '链接码': '/system/_content/download.jsp?urltype=news.DownloadAttachUrl&owner=1744984858&wbfileid=16760440'}]"
15,教学运行,关于2025-2026学年第一学期《概率论与数理统计》课程期末考试安排的通知,2026-01-06,https://jwch.fzu.edu.cn/info/1036/14465.htm,"[{'附件名': '【2501概率论期末考-1.11下午.xlsx】', '下载次数': 50, '链接码': '/system/_content/download.jsp?urltype=news.DownloadAttachUrl&owner=1744984858&wbfileid=16760389'}]"
16,教学运行,关于2025-2026学年第一学期《高等数学A（上）》、《高等数学B（上）》、《高等数学C（上）》、《高等数学D》课程半期考试安排的通知,2025-11-24,https://jwch.fzu.edu.cn//info/1036/14373.htm,"[{'附件名': '【2501高等数学A（上）、B（上）、C（上）、D半期考11.30上午.xlsx】', '下载次数': 1093, '链接码': '/system/_content/download.jsp?urltype=news.DownloadAttachUrl&owner=1744984858&wbfileid=16735966'}]"
17,质量办,关于公布福州大学2025年教师教学创新大赛—入围教学设计创新汇报名单的通知,2025-11-12,https://jwch.fzu.edu.cn//info/1040/14341.htm,[]
18,教学运行,关于2025-2026学年第一学期《线性代数》和《线性代数与解析几何》课程期末考试安排的通知,2026-01-06,https://jwch.fzu.edu.cn/info/1036/14466.htm,"[{'附件名': '【2501线性代数、线性代数与解析几何期末考-1.18上午.xlsx】', '下载次数': 87, '链接码': '/system/_content/download.jsp?urltype=news.DownloadAttachUrl&owner=1744984858&wbfileid=16760390'}]"
19,教学运行,关于2025-2026学年第一学期《高等数学A（下）》课程期末考试安排的通知,2025-12-01,https://jwch.fzu.edu.cn/info/1036/14384.htm,"[{'附件名': '【2501高等数学A（下）期末考-12.7上午.xlsx】', '下载次数': 214, '链接码': '/system/_content/download.jsp?urltype=news.DownloadAttachUrl&owner=1744984858&wbfileid=16738452'}]"
20,实践科,关于填报2025年高等教育质量监测数据教学相关数据的通知,2025-12-04,https://jwch.fzu.edu.cn/content.jsp?urltype=news.NewsContentUrl&wbtreeid=1039&wbnewsid=14395,"[{'附件名': '【2025年高等教育质量监测数据教学相关数据报送表格.rar】', '下载次数': 184, '链接码': '/system/_content/download.jsp?urltype=news.DownloadAttachUrl&owner=1744984858&wbfileid=16739491'}]"
21,教学运行,关于2025-2026学年第一学期《大学英语（四）》课程期末考试安排的通知,2026-01-06,https://jwch.fzu.edu.cn/info/1036/14464.htm,"[{'附件名': '【2501英语（四）期末考-1.11上午.xlsx】', '下载次数': 64, '链接码': '/system/_content/download.jsp?urltype=news.DownloadAttachUrl&owner=1744984858&wbfileid=16760387'}]"
22,教学运行,关于2025-2026学年第一学期《线性代数》和《线性代数与解析几何》课程半期考试安排的通知,2025-12-01,https://jwch.fzu.edu.cn//info/1036/14382.htm,"[{'附件名': '【2501线性代数、线性代数与解析几何半期考12.7下午.xlsx】', '下载次数': 326, '链接码': '/system/_content/download.jsp?urltype=news.DownloadAttachUrl&owner=1744984858&wbfileid=16738466'}]"
23,教学运行,关于2025-2026学年第一学期《工程制图E》课程期末考试安排的通知,2025-12-18,https://jwch.fzu.edu.cn/info/1036/14415.htm,"[{'附件名': '【2501制图E期末考-12.28下午.xlsx】', '下载次数': 191, '链接码': '/system/_content/download.jsp?urltype=news.DownloadAttachUrl&owner=1744984858&wbfileid=16756835'}]"
24,教学运行,关于2025-2026学年第一学期《习近平新时代中国特色社会主义思想概论》课程期末考试安排的通知,2025-12-01,https://jwch.fzu.edu.cn//info/1036/14383.htm,"[{'附件名': '【2501习概随堂考.xlsx】', '下载次数': 159, '链接码': '/system/_content/download.jsp?urltype=news.DownloadAttachUrl&owner=1744984858&wbfileid=16738448'}]"
25,教学运行,关于公布2025-2026学年各学院转专业实施细则的通知,2025-11-14,https://jwch.fzu.edu.cn//info/1036/14352.htm,"[{'附件名': '【2025-2026学年各学院转专业实施细则.pdf】', '下载次数': 6446, '链接码': '/system/_content/download.jsp?urltype=news.DownloadAttachUrl&owner=1744984858&wbfileid=16732856'}]"
26,教学运行,关于做好2025-2026学年本科生转专业工作的通知,2025-10-28,https://jwch.fzu.edu.cn//content.jsp?urltype=news.NewsContentUrl&wbtreeid=1036&wbnewsid=14278,[]
27,教学运行,福州大学关于印发本科生转专业管理实施办法的通知,2025-10-28,https://jwch.fzu.edu.cn//content.jsp?urltype=news.NewsContentUrl&wbtreeid=1036&wbnewsid=14277,[]
28,教学运行,关于组织2025级新生开展学籍信息自查工作的通知,2025-10-11,https://jwch.fzu.edu.cn//info/1036/14245.htm,[]
29,质量办,关于举办福州大学第七十四场“教学有道”研讨活动暨2025年教师教学创新大赛培训会的通知,2025-10-13,https://jwch.fzu.edu.cn//info/1040/14251.htm,[]
30,质量办,关于举办福州大学第七十三场“教学有道”研讨活动的通知,2025-09-28,https://jwch.fzu.edu.cn//info/1040/14235.htm,[]
31,教学运行,关于2025年国庆节、中秋节放假课程调整的通知,2025-09-24,https://jwch.fzu.edu.cn//info/1036/14229.htm,[]
32,综合科,关于召开2025-2026学年秋季学期期初本科教育教学工作会议的通知,2025-09-23,https://jwch.fzu.edu.cn//info/1035/14228.htm,[]
33,实践科,关于组织参加2026年美国大学生数学建模竞赛的通知,2025-10-24,https://jwch.fzu.edu.cn//content.jsp?urltype=news.NewsContentUrl&wbtreeid=1039&wbnewsid=14274,[]
34,教学运行,关于2025-2026学年第一学期《高等数学A（下）》课程半期考试安排的通知,2025-10-29,https://jwch.fzu.edu.cn//info/1036/14281.htm,"[{'附件名': '【2501高等数学A（下）半期考11.2上午.xlsx】', '下载次数': 427, '链接码': '/system/_content/download.jsp?urltype=news.DownloadAttachUrl&owner=1744984858&wbfileid=16728461'}]"
35,教学运行,关于做好2025-2026学年第二学期排课准备工作的通知,2025-09-22,https://jwch.fzu.edu.cn//info/1036/14225.htm,[]
36,教学运行,关于2025-2026-01学期体育理论教室安排（2025级）的通知,2025-09-26,https://jwch.fzu.edu.cn//info/1036/14232.htm,[]
37,教学运行,关于2025-2026学年第一学期《大学物理A（下）》、《大学物理B（下）》课程半期考试安排的通知,2025-10-29,https://jwch.fzu.edu.cn//info/1036/14283.htm,"[{'附件名': '【2501大物A（下）、B（下）半期考11.9上午.xlsx】', '下载次数': 504, '链接码': '/system/_content/download.jsp?urltype=news.DownloadAttachUrl&owner=1744984858&wbfileid=16728534'}]"
38,教学运行,关于2025-2026学年第一学期《概率论与数理统计》课程半期考试安排的通知,2025-11-04,https://jwch.fzu.edu.cn//info/1036/14315.htm,"[{'附件名': '【2501概率论半期考11.16下午.xlsx】', '下载次数': 404, '链接码': '/system/_content/download.jsp?urltype=news.DownloadAttachUrl&owner=1744984858&wbfileid=16729972'}]"
39,实践科,关于做好2025年本科生科研训练计划项目中期检查工作的通知,2025-11-10,https://jwch.fzu.edu.cn//content.jsp?urltype=news.NewsContentUrl&wbtreeid=1039&wbnewsid=14321,"[{'附件名': '【附件.rar】', '下载次数': 811, '链接码': '/system/_content/download.jsp?urltype=news.DownloadAttachUrl&owner=1744984858&wbfileid=16731411'}]"
40,教学运行,关于2025-2026学年第一学期重新学习选课、缴费的通知,2025-09-22,https://jwch.fzu.edu.cn//info/1036/14224.htm,[]
41,教研教改,关于2025级“数智实验班”入选学生名单的公示,2025-09-12,https://jwch.fzu.edu.cn//info/1037/14206.htm,[]
42,质量办,关于为2025年新上岗教师配备导师的通知,2025-10-21,https://jwch.fzu.edu.cn//info/1040/14264.htm,"[{'附件名': '【2025年福州大学新上岗教师达标培训班名单（配导师）.xlsx】', '下载次数': 774, '链接码': '/system/_content/download.jsp?urltype=news.DownloadAttachUrl&owner=1744984858&wbfileid=16726268'}]"
43,教材中心,关于做好2025-2026学年第二学期教材选用与征订工作的通知,2025-12-12,https://jwch.fzu.edu.cn/content.jsp?urltype=news.NewsContentUrl&wbtreeid=1042&wbnewsid=14404,"[{'附件名': '【附件1.已出版马克思主义理论研究和建设工程重点教材目录（截至2025年11月，共计122种）.xlsx】', '下载次数': 53, '链接码': '/system/_content/download.jsp?urltype=news.DownloadAttachUrl&owner=1744984858&wbfileid=16741500'}, {'附件名': '【附件2.全国大中专教学用书目录(2026春).xlsx】', '下载次数': 75, '链接码': '/system/_content/download.jsp?urltype=news.DownloadAttachUrl&owner=1744984858&wbfileid=16741501'}, {'附件名': '【附件3.全国大中专教学用书目录(2026春)数字教材.xlsx】', '下载次数': 55, '链接码': '/system/_content/download.jsp?urltype=news.DownloadAttachUrl&owner=1744984858&wbfileid=16741502'}]"
44,教研教改,关于2025级“嘉锡化学拔尖班”入选学生名单的公示,2025-09-12,https://jwch.fzu.edu.cn//info/1037/14204.htm,[]
45,计划科,关于公布2025-2026学年第一学期通选课取消开课名单的通知,2025-09-15,https://jwch.fzu.edu.cn//info/1038/14213.htm,[]
46,教学运行,关于2025-2026学年第一学期《马克思主义基本原理》和《毛泽东思想和中国特色社会主义理论体系概论》课程期末考试安排的通知,2025-12-18,https://jwch.fzu.edu.cn/info/1036/14414.htm,"[{'附件名': '【2501马原随堂考 .xlsx】', '下载次数': 216, '链接码': '/system/_content/download.jsp?urltype=news.DownloadAttachUrl&owner=1744984858&wbfileid=16756833'}, {'附件名': '【2501毛概随堂考.xlsx】', '下载次数': 182, '链接码': '/system/_content/download.jsp?urltype=news.DownloadAttachUrl&owner=1744984858&wbfileid=16756834'}]"
47,教材中心,关于做好2025-2026学年第一学期本科课程实施与教材使用监测工作的通知,2025-11-12,https://jwch.fzu.edu.cn//info/1042/14342.htm,"[{'附件名': '【附件1.关于开展2025-2026学年高校课程实施与教材使用监测工作的通知.pdf】', '下载次数': 112, '链接码': '/system/_content/download.jsp?urltype=news.DownloadAttachUrl&owner=1744984858&wbfileid=16735375'}, {'附件名': '【附件2.2025-2026学年上下学期教材使用工作报告（示例）.docx】', '下载次数': 67, '链接码': '/system/_content/download.jsp?urltype=news.DownloadAttachUrl&owner=1744984858&wbfileid=16735376'}]"
48,计划科,关于2025-2026学年第一学期爱课程平台参加通识教育选修课学习的重要提示,2025-09-18,https://jwch.fzu.edu.cn//info/1038/14219.htm,[]
49,教研教改,关于公布参加2025级“数智实验班”选拔面试学生名单的通知,2025-09-10,https://jwch.fzu.edu.cn//info/1037/14201.htm,[]
50,教研教改,关于公布参加2025级“嘉锡化学拔尖班”选拔面试学生名单的通知,2025-09-10,https://jwch.fzu.edu.cn//info/1037/14196.htm,[]
51,教研教改,关于2025级“数理综合班”入选学生名单的公示,2025-09-12,https://jwch.fzu.edu.cn//info/1037/14205.htm,[]
52,教研教改,关于2025级“数理金融实验班”入选学生名单的公示,2025-09-12,https://jwch.fzu.edu.cn//info/1037/14203.htm,[]
53,教研教改,关于公布参加2025级“数理综合班”选拔面试学生名单的通知,2025-09-10,https://jwch.fzu.edu.cn//info/1037/14198.htm,[]
54,教研教改,关于公布参加2025级“数理金融实验班”选拔面试学生名单的通知,2025-09-10,https://jwch.fzu.edu.cn//info/1037/14197.htm,[]
55,综合科,关于2025级本科生（含访学学生）学生证信息采集的通知,2025-09-07,https://jwch.fzu.edu.cn//info/1035/14186.htm,[]
56,教学运行,关于2025-2026第一学期学期选课、辅修选课补退选和缴费的通知,2025-09-07,https://jwch.fzu.edu.cn//info/1036/14191.htm,[]
57,综合科,关于2025-2026学年第一学期本科生学生证补办和火车票优惠区间更改的通知,2025-09-07,https://jwch.fzu.edu.cn//info/1035/14190.htm,[]
58,计划科,关于2025-2026学年第一学期参加《大学生国家安全教育》课程学习的通知,2025-09-22,https://jwch.fzu.edu.cn//info/1038/14223.htm,"[{'附件名': '【超星尔雅使用手册（学生版）.pdf】', '下载次数': 3291, '链接码': '/system/_content/download.jsp?urltype=news.DownloadAttachUrl&owner=1744984858&wbfileid=16720002'}]"
59,质量办,关于开展福州大学2025年教师教学创新大赛的通知,2025-09-12,https://jwch.fzu.edu.cn//info/1040/14202.htm,"[{'附件名': '【附件1-5.zip】', '下载次数': 226, '链接码': '/system/_content/download.jsp?urltype=news.DownloadAttachUrl&owner=1744984858&wbfileid=16717599'}]"
60,计划科,关于通识教育选修课《国际化拔尖创新人才科研训练2025秋》宣讲会及选课的通知,2025-09-19,https://jwch.fzu.edu.cn//info/1038/14220.htm,"[{'附件名': '【2025年秋季国际化拔尖创新人才科研训练具体课程清单.xlsx】', '下载次数': 1464, '链接码': '/system/_content/download.jsp?urltype=news.DownloadAttachUrl&owner=1744984858&wbfileid=16719456'}]"
61,教材中心,关于2025-2026学年第一学期教材发放的通知,2025-09-05,https://jwch.fzu.edu.cn//content.jsp?urltype=news.NewsContentUrl&wbtreeid=1042&wbnewsid=14182,[]
62,电教中心,关于开展二期智慧教室、智慧实验室使用培训工作的通知,2025-08-29,https://jwch.fzu.edu.cn//info/1041/14172.htm,[]
63,教学运行,关于做好2026届预计毕业生电子注册图像采集工作的通知,2025-10-30,https://jwch.fzu.edu.cn//info/1036/14284.htm,"[{'附件名': '【附件3：获得图像采集码途径.pdf】', '下载次数': 2743, '链接码': '/system/_content/download.jsp?urltype=news.DownloadAttachUrl&owner=1744984858&wbfileid=16728635'}, {'附件名': '【附件1：拍照地点示意图.pdf】', '下载次数': 1643, '链接码': '/system/_content/download.jsp?urltype=news.DownloadAttachUrl&owner=1744984858&wbfileid=16728636'}, {'附件名': '【附件2：各学院分班拍摄顺序.pdf】', '下载次数': 2233, '链接码': '/system/_content/download.jsp?urltype=news.DownloadAttachUrl&owner=1744984858&wbfileid=16728634'}]"
64,质量办,关于开展2025年秋季学期申请类督导听课工作的通知,2025-09-06,https://jwch.fzu.edu.cn//info/1040/14187.htm,"[{'附件名': '【附件：2025年秋季学期申请类督导听课汇总表.docx】', '下载次数': 118, '链接码': '/system/_content/download.jsp?urltype=news.DownloadAttachUrl&owner=1744984858&wbfileid=16714968'}]"
65,教学运行,关于2025-2026学年第一学期辅修专业选课的通知,2025-06-30,https://jwch.fzu.edu.cn//info/1036/14141.htm,[]
66,实践科,福州大学关于公布本科生开放探索性实验项目（课程）立项名单的通知,2025-07-08,https://jwch.fzu.edu.cn//content.jsp?urltype=news.NewsContentUrl&wbtreeid=1039&wbnewsid=14152,[]
67,实践科,关于公布第十六届企业经营模拟沙盘对抗赛获奖名单的通知,2025-06-30,https://jwch.fzu.edu.cn//content.jsp?urltype=news.NewsContentUrl&wbtreeid=1039&wbnewsid=14143,[]
68,实践科,关于公布2025年第二十五届数学竞赛获奖名单的通知,2025-07-02,https://jwch.fzu.edu.cn//content.jsp?urltype=news.NewsContentUrl&wbtreeid=1039&wbnewsid=14147,[]
69,实践科,关于做好大学生学科竞赛项目认定工作的通知,2025-11-05,https://jwch.fzu.edu.cn//content.jsp?urltype=news.NewsContentUrl&wbtreeid=1039&wbnewsid=14316,"[{'附件名': '【附件1：《2023全国普通高校大学生竞赛分析报告》竞赛目录（本科部分）.docx】', '下载次数': 387, '链接码': '/system/_content/download.jsp?urltype=news.DownloadAttachUrl&owner=1744984858&wbfileid=16730698'}, {'附件名': '【附件2：福州大学大学生学科竞赛级别直接认定项目近三年参赛及获奖情况表.doc】', '下载次数': 356, '链接码': '/system/_content/download.jsp?urltype=news.DownloadAttachUrl&owner=1744984858&wbfileid=16730232'}, {'附件名': '【附件3：福州大学大学生学科竞赛级别认定申请表.doc】', '下载次数': 214, '链接码': '/system/_content/download.jsp?urltype=news.DownloadAttachUrl&owner=1744984858&wbfileid=16730231'}, {'附件名': '【附件4：福州大学大学生学科竞赛级别认定申请汇总表.doc】', '下载次数': 221, '链接码': '/system/_content/download.jsp?urltype=news.DownloadAttachUrl&owner=1744984858&wbfileid=16730233'}]"
70,教材中心,关于开展2026年拟出版本科教材审核工作的通知,2025-12-30,https://jwch.fzu.edu.cn/info/1042/14433.htm,"[{'附件名': '【附件1：福州大学教材管理实施细则.pdf】', '下载次数': 19, '链接码': '/system/_content/download.jsp?urltype=news.DownloadAttachUrl&owner=1744984858&wbfileid=16759535'}, {'附件名': '【附件2：福州大学本科教材编写人员汇总表.docx】', '下载次数': 23, '链接码': '/system/_content/download.jsp?urltype=news.DownloadAttachUrl&owner=1744984858&wbfileid=16759536'}, {'附件名': '【附件3：福州大学本科教材编写人员政治审查表.docx】', '下载次数': 22, '链接码': '/system/_content/download.jsp?urltype=news.DownloadAttachUrl&owner=1744984858&wbfileid=16759537'}, {'附件名': '【附件4：福州大学本科教材校外编写人员政治审查表.docx】', '下载次数': 22, '链接码': '/system/_content/download.jsp?urltype=news.DownloadAttachUrl&owner=1744984858&wbfileid=16759538'}, {'附件名': '【附件5：福州大学自编教材内容审核表.docx】', '下载次数': 31, '链接码': '/system/_content/download.jsp?urltype=news.DownloadAttachUrl&owner=1744984858&wbfileid=16759539'}]"
71,实践科,关于公布第十四届大学生软件设计与服务外包创新创业竞赛获奖名单的通知,2025-06-27,https://jwch.fzu.edu.cn//content.jsp?urltype=news.NewsContentUrl&wbtreeid=1039&wbnewsid=14139,[]
72,教材中心,关于开展2024年本科数字教材建设项目中期检查和结项验收工作的通知,2025-12-25,https://jwch.fzu.edu.cn/info/1042/14424.htm,"[{'附件名': '【附件1.福州大学2024年本科数字教材建设项目名单.xls】', '下载次数': 23, '链接码': '/system/_content/download.jsp?urltype=news.DownloadAttachUrl&owner=1744984858&wbfileid=16759389'}, {'附件名': '【附件2.福州大学教材建设项目中期检查表.docx】', '下载次数': 20, '链接码': '/system/_content/download.jsp?urltype=news.DownloadAttachUrl&owner=1744984858&wbfileid=16759390'}, {'附件名': '【附件3.福州大学教材建设项目结题验收申请表.docx】', '下载次数': 15, '链接码': '/system/_content/download.jsp?urltype=news.DownloadAttachUrl&owner=1744984858&wbfileid=16759391'}, {'附件名': '【附件4：福州大学教材建设项目检查验收汇总表.xls】', '下载次数': 19, '链接码': '/system/_content/download.jsp?urltype=news.DownloadAttachUrl&owner=1744984858&wbfileid=16759392'}, {'附件名': '【附件5.福州大学本科教材编写人员政治审查表.docx】', '下载次数': 12, '链接码': '/system/_content/download.jsp?urltype=news.DownloadAttachUrl&owner=1744984858&wbfileid=16759393'}]"
73,综合科,教务处关于2025年暑假工作安排的通知,2025-07-05,https://jwch.fzu.edu.cn//content.jsp?urltype=news.NewsContentUrl&wbtreeid=1035&wbnewsid=14151,"[{'附件名': '【教务处2025年暑假值班表.xlsx】', '下载次数': 367, '链接码': '/system/_content/download.jsp?urltype=news.DownloadAttachUrl&owner=1744984858&wbfileid=16681320'}]"
74,教学通知,关于做好2025年9月退役复学学生转专业的通知,2025-09-10,https://jwch.fzu.edu.cn//info/1012/14194.htm,"[{'附件名': '【福州大学本科生转专业管理实施办法.docx】', '下载次数': 332, '链接码': '/system/_content/download.jsp?urltype=news.DownloadAttachUrl&owner=1744984858&wbfileid=16716630'}, {'附件名': '【福州大学参军退伍复学后学生转专业审批表.doc】', '下载次数': 203, '链接码': '/system/_content/download.jsp?urltype=news.DownloadAttachUrl&owner=1744984858&wbfileid=16716625'}]"
75,实践科,关于公布2025年大学生电子设计竞赛暨全国大学生电子设计竞赛选拔赛获奖名单的通知,2025-06-30,https://jwch.fzu.edu.cn//content.jsp?urltype=news.NewsContentUrl&wbtreeid=1039&wbnewsid=14142,"[{'附件名': '【附件：2025年福州大学大学生电子设计竞赛暨全国大学生电子设计竞赛选拔赛获奖名单.docx】', '下载次数': 361, '链接码': '/system/_content/download.jsp?urltype=news.DownloadAttachUrl&owner=1744984858&wbfileid=16489152'}]"
76,实践科,关于举办2025年福州大学大学生工程实践与创新能力大赛的通知,2025-09-23,https://jwch.fzu.edu.cn//content.jsp?urltype=news.NewsContentUrl&wbtreeid=1039&wbnewsid=14227,"[{'附件名': '【附件1：2025年福州大学大学生工程实践与创新能力大赛组委会成员名单.docx】', '下载次数': 236, '链接码': '/system/_content/download.jsp?urltype=news.DownloadAttachUrl&owner=1744984858&wbfileid=16720642'}, {'附件名': '【附件2：2025年福州大学大学生工程实践与创新能力大赛报名表.docx】', '下载次数': 267, '链接码': '/system/_content/download.jsp?urltype=news.DownloadAttachUrl&owner=1744984858&wbfileid=16720643'}, {'附件名': '【附件3：2025年福州大学大学生工程实践与创新能力大赛命题与运行.docx】', '下载次数': 462, '链接码': '/system/_content/download.jsp?urltype=news.DownloadAttachUrl&owner=1744984858&wbfileid=16720644'}]"
77,实践科,福州大学关于公布示范性校外实践教学基地立项名单的通知,2025-06-24,https://jwch.fzu.edu.cn//content.jsp?urltype=news.NewsContentUrl&wbtreeid=1039&wbnewsid=14133,[]
78,教学运行,关于做好2025年9月退役复学学生转专业的通知,2025-09-10,https://jwch.fzu.edu.cn//info/1036/14199.htm,"[{'附件名': '【福州大学本科生转专业管理实施办法.docx】', '下载次数': 332, '链接码': '/system/_content/download.jsp?urltype=news.DownloadAttachUrl&owner=1744984858&wbfileid=16716630'}, {'附件名': '【福州大学参军退伍复学后学生转专业审批表.doc】', '下载次数': 203, '链接码': '/system/_content/download.jsp?urltype=news.DownloadAttachUrl&owner=1744984858&wbfileid=16716625'}]"
79,实践科,福州大学关于公布大学生劳动教育实践基地立项名单的通知,2025-06-24,https://jwch.fzu.edu.cn//content.jsp?urltype=news.NewsContentUrl&wbtreeid=1039&wbnewsid=14135,[]
80,实践科,关于开展大学生劳动教育优秀案例征集活动的通知,2025-09-16,https://jwch.fzu.edu.cn//content.jsp?urltype=news.NewsContentUrl&wbtreeid=1039&wbnewsid=14216,"[{'附件名': '【2021-2025年福州大学大学生劳动教育实践基地立项建设名单.docx】', '下载次数': 31, '链接码': '/system/_content/download.jsp?urltype=news.DownloadAttachUrl&owner=1744984858&wbfileid=16718938'}, {'附件名': '【附件：福州大学大学生劳动教育优秀案例征集汇总表.docx】', '下载次数': 30, '链接码': '/system/_content/download.jsp?urltype=news.DownloadAttachUrl&owner=1744984858&wbfileid=16718678'}]"
81,综合科,关于更改2024-2025学年春季学期期末本科教育教学工作会议地点的通知,2025-06-23,https://jwch.fzu.edu.cn//info/1035/14127.htm,[]
82,质量办,关于举办福州大学第七十二场“教学有道”暨数智课程建设与应用实操工作坊的通知,2025-06-24,https://jwch.fzu.edu.cn//info/1040/14131.htm,[]
83,实践科,关于2025高教社杯全国大学生数学建模竞赛报名的通知,2025-06-23,https://jwch.fzu.edu.cn//content.jsp?urltype=news.NewsContentUrl&wbtreeid=1039&wbnewsid=14128,[]
84,综合科,关于填报2024年度非学历教育发展数据的通知,2025-08-20,https://jwch.fzu.edu.cn//info/1035/14171.htm,"[{'附件名': '【附件：2024年度福州大学非学历教育数据采集表-模板.xlsx】', '下载次数': 167, '链接码': '/system/_content/download.jsp?urltype=news.DownloadAttachUrl&owner=1744984858&wbfileid=16712478'}]"
85,计划科,关于2025-2026学年第一学期港澳台侨学生思政课和军事课程退选替代的通知,2025-09-06,https://jwch.fzu.edu.cn//info/1038/14185.htm,"[{'附件名': '【2025-2026学年第一学期国情课列表.docx】', '下载次数': 626, '链接码': '/system/_content/download.jsp?urltype=news.DownloadAttachUrl&owner=1744984858&wbfileid=16714904'}, {'附件名': '【港澳台侨学生思政课和军事课程退选申请表.docx】', '下载次数': 653, '链接码': '/system/_content/download.jsp?urltype=news.DownloadAttachUrl&owner=1744984858&wbfileid=16714905'}]"
86,教学运行,福州大学关于印发2025—2026学年校历的通知,2025-06-20,https://jwch.fzu.edu.cn//info/1036/14125.htm,[]
87,计划科,关于核对2025-2026学年第一学期通识教育选修课开课信息的有关通知,2025-06-19,https://jwch.fzu.edu.cn//info/1038/14123.htm,[]
88,综合科,关于召开2024-2025学年春季学期期末本科教育教学工作会议的通知,2025-06-18,https://jwch.fzu.edu.cn//info/1035/14120.htm,[]
89,教学运行,关于做好期末复习考试及下学期开学等工作的通知,2025-06-21,https://jwch.fzu.edu.cn//info/1036/14126.htm,[]
90,教材中心,关于开展福州大学2022年本科规划教材立项项目结题验收工作的通知,2025-11-18,https://jwch.fzu.edu.cn//content.jsp?urltype=news.NewsContentUrl&wbtreeid=1042&wbnewsid=14364,"[{'附件名': '【附件1.福州大学2022年本科规划教材立项项目名单.docx】', '下载次数': 98, '链接码': '/system/_content/download.jsp?urltype=news.DownloadAttachUrl&owner=1744984858&wbfileid=16733964'}, {'附件名': '【附件2.福州大学教材立项项目结题验收申请书.docx】', '下载次数': 34, '链接码': '/system/_content/download.jsp?urltype=news.DownloadAttachUrl&owner=1744984858&wbfileid=16733963'}, {'附件名': '【附件3.福州大学教材立项项目延期申请书.docx】', '下载次数': 25, '链接码': '/system/_content/download.jsp?urltype=news.DownloadAttachUrl&owner=1744984858&wbfileid=16733965'}, {'附件名': '【附件4.福州大学教材立项项目撤项申请书.docx】', '下载次数': 20, '链接码': '/system/_content/download.jsp?urltype=news.DownloadAttachUrl&owner=1744984858&wbfileid=16733968'}, {'附件名': '【附件5.福州大学教材立项项目名称变更申请表.doc】', '下载次数': 19, '链接码': '/system/_content/download.jsp?urltype=news.DownloadAttachUrl&owner=1744984858&wbfileid=16733967'}, {'附件名': '【附件6.福州大学本科教材编写人员政治审查表.docx】', '下载次数': 20, '链接码': '/system/_content/download.jsp?urltype=news.DownloadAttachUrl&owner=1744984858&wbfileid=16733966'}]"
91,教学运行,关于2025-2026学年第一学期本科生学期选课的通知,2025-06-16,https://jwch.fzu.edu.cn//info/1036/14114.htm,[]
92,计划科,关于2025-2026学年第一学期通识教育选修课选课的通知,2025-09-06,https://jwch.fzu.edu.cn//info/1038/14184.htm,"[{'附件名': '【超星尔雅使用手册（学生版）.pdf】', '下载次数': 1200, '链接码': '/system/_content/download.jsp?urltype=news.DownloadAttachUrl&owner=1744984858&wbfileid=16714902'}, {'附件名': '【慕课堂学生操作手册.pdf】', '下载次数': 821, '链接码': '/system/_content/download.jsp?urltype=news.DownloadAttachUrl&owner=1744984858&wbfileid=16714903'}, {'附件名': '【智慧树学生手册2025.pptx】', '下载次数': 1167, '链接码': '/system/_content/download.jsp?urltype=news.DownloadAttachUrl&owner=1744984858&wbfileid=16714901'}]"
93,质量办,关于上报学院院级本科教育教学相关规章制度的通知,2025-06-03,https://jwch.fzu.edu.cn//info/1040/14098.htm,[]
94,教研教改,福州大学关于开展2025级“嘉锡化学拔尖班”招生工作的通知,2025-09-04,https://jwch.fzu.edu.cn//info/1037/14177.htm,"[{'附件名': '【附件1：福州大学2025级“嘉锡化学拔尖班”招生简章.doc】', '下载次数': 711, '链接码': '/system/_content/download.jsp?urltype=news.DownloadAttachUrl&owner=1744984858&wbfileid=16714466'}, {'附件名': '【附件2：福州大学2025级“嘉锡化学拔尖班”选拔方案.doc】', '下载次数': 489, '链接码': '/system/_content/download.jsp?urltype=news.DownloadAttachUrl&owner=1744984858&wbfileid=16714465'}]"
95,教研教改,福州大学关于开展2025级“数理综合班”招生工作的通知,2025-09-05,https://jwch.fzu.edu.cn//info/1037/14181.htm,"[{'附件名': '【附件1：福州大学2025级“数理综合班”招生简章.doc】', '下载次数': 1764, '链接码': '/system/_content/download.jsp?urltype=news.DownloadAttachUrl&owner=1744984858&wbfileid=16714578'}, {'附件名': '【附件2：承诺书.doc】', '下载次数': 468, '链接码': '/system/_content/download.jsp?urltype=news.DownloadAttachUrl&owner=1744984858&wbfileid=16714579'}]"
96,实践科,福州大学关于公布2025届本科生优秀毕业设计（论文）名单的通知,2025-06-24,https://jwch.fzu.edu.cn//content.jsp?urltype=news.NewsContentUrl&wbtreeid=1039&wbnewsid=14134,"[{'附件名': '【附件：福州大学2025届本科生优秀毕业设计（论文）名单.docx】', '下载次数': 1443, '链接码': '/system/_content/download.jsp?urltype=news.DownloadAttachUrl&owner=1744984858&wbfileid=16487801'}]"
97,质量办,关于举办福州大学第七十一场“教学有道”研讨活动的通知,2025-05-29,https://jwch.fzu.edu.cn//info/1040/14090.htm,[]
98,实践科,关于公布第十一届桥梁设计大赛获奖名单的通知,2025-05-30,https://jwch.fzu.edu.cn//content.jsp?urltype=news.NewsContentUrl&wbtreeid=1039&wbnewsid=14092,[]
99,教学通知,关于上报学院院级本科教育教学相关规章制度的通知,2025-06-03,https://jwch.fzu.edu.cn//info/1012/14097.htm,[]
100,教学运行,关于2024-2025学年第二学期《大学物理A（上）》、《大学物理B（上）》、《大学物理C》课程期末考试安排的通知,2025-06-17,https://jwch.fzu.edu.cn//info/1036/14117.htm,"[{'附件名': '【2402大学物理A（上）、B（上）、C期末考-7.3上、下午.xlsx】', '下载次数': 216, '链接码': '/system/_content/download.jsp?urltype=news.DownloadAttachUrl&owner=1744984858&wbfileid=16485022'}]"
101,实践科,关于公布2023年、2024年本科生科研训练计划项目结题成绩的通知,2025-07-04,https://jwch.fzu.edu.cn//content.jsp?urltype=news.NewsContentUrl&wbtreeid=1039&wbnewsid=14149,"[{'附件名': '【附件1：福州大学2023年国家级、省级、校级本科生科研训练计划项目结题成绩汇总表.docx】', '下载次数': 493, '链接码': '/system/_content/download.jsp?urltype=news.DownloadAttachUrl&owner=1744984858&wbfileid=16681324'}, {'附件名': '【附件2：福州大学2024年国家级、省级、校级本科生科研训练计划项目结题成绩汇总表.docx】', '下载次数': 987, '链接码': '/system/_content/download.jsp?urltype=news.DownloadAttachUrl&owner=1744984858&wbfileid=16490726'}]"
102,教研教改,福州大学关于开展2025级“数智实验班” 招生工作的通知,2025-09-05,https://jwch.fzu.edu.cn//info/1037/14179.htm,"[{'附件名': '【附件2：福州大学2025级“数智实验班”选拔方案.docx】', '下载次数': 1584, '链接码': '/system/_content/download.jsp?urltype=news.DownloadAttachUrl&owner=1744984858&wbfileid=16714573'}, {'附件名': '【附件1：福州大学2025级“数智实验班”招生简章.docx】', '下载次数': 1628, '链接码': '/system/_content/download.jsp?urltype=news.DownloadAttachUrl&owner=1744984858&wbfileid=16714572'}, {'附件名': '【附件3：承诺书.docx】', '下载次数': 358, '链接码': '/system/_content/download.jsp?urltype=news.DownloadAttachUrl&owner=1744984858&wbfileid=16714574'}]"
103,教学运行,关于2024-2025学年第二学期《大学英语（三）》课程期末考试安排的通知,2025-06-17,https://jwch.fzu.edu.cn//info/1036/14116.htm,"[{'附件名': '【2402大学英语三期末考-6.29上、下午.xlsx】', '下载次数': 342, '链接码': '/system/_content/download.jsp?urltype=news.DownloadAttachUrl&owner=1744984858&wbfileid=16485009'}]"
104,质量办,关于开展2025年工程教育专业认证申请工作的通知,2025-09-06,https://jwch.fzu.edu.cn//info/1040/14188.htm,"[{'附件名': '【附件3 工程教育认证申请书（2025版）修订说明.pdf】', '下载次数': 478, '链接码': '/system/_content/download.jsp?urltype=news.DownloadAttachUrl&owner=1744984858&wbfileid=16714969'}, {'附件名': '【附件2 工程教育认证申请书（2025版）.docx】', '下载次数': 147, '链接码': '/system/_content/download.jsp?urltype=news.DownloadAttachUrl&owner=1744984858&wbfileid=16714970'}, {'附件名': '【附件1 2025年接受认证申请的专业领域及专业一览表.pdf】', '下载次数': 493, '链接码': '/system/_content/download.jsp?urltype=news.DownloadAttachUrl&owner=1744984858&wbfileid=16714971'}]"
105,教学运行,关于2024-2025学年第二学期《高等数学A（中）》、《高等数学B（下）》和《高等数学C（下）》课程期末考试安排的通知,2025-06-18,https://jwch.fzu.edu.cn//info/1036/14121.htm,"[{'附件名': '【2402高数数学A中、B下、C下期末考-7.4上、下午.xlsx】', '下载次数': 372, '链接码': '/system/_content/download.jsp?urltype=news.DownloadAttachUrl&owner=1744984858&wbfileid=16485393'}]"
106,教学运行,关于2025年端午节放假课程调整的通知,2025-05-27,https://jwch.fzu.edu.cn//info/1036/14084.htm,[]
107,实践科,关于公布第九届网络信息安全竞赛获奖名单的通知,2025-05-30,https://jwch.fzu.edu.cn//content.jsp?urltype=news.NewsContentUrl&wbtreeid=1039&wbnewsid=14091,[]
108,综合科,关于2024-2025学年第二学期再次开放本科生学生证补办和火车票优惠区间更改的通知,2025-05-20,https://jwch.fzu.edu.cn//info/1035/14068.htm,[]
109,质量办,关于举办福州大学第七十场“教学有道”暨第三期智慧教学课程平台与AI智慧教学工具培训的通知,2025-05-26,https://jwch.fzu.edu.cn//info/1040/14076.htm,[]
110,教学运行,福州大学关于印发本科生转专业管理实施办法的通知,2025-05-28,https://jwch.fzu.edu.cn//content.jsp?urltype=news.NewsContentUrl&wbtreeid=1036&wbnewsid=14089,[]
111,实践科,福州大学关于修订印发《本科生毕业设计（论文）规范使用AI工具的规定》的通知,2025-05-22,https://jwch.fzu.edu.cn//content.jsp?urltype=news.NewsContentUrl&wbtreeid=1039&wbnewsid=14075,[]
112,教学运行,关于2024-2025学年第二学期《英语专题》课程期末考试安排的通知,2025-06-17,https://jwch.fzu.edu.cn//info/1036/14115.htm,"[{'附件名': '【2402专题英语期末考-6.28上、下午.xlsx】', '下载次数': 239, '链接码': '/system/_content/download.jsp?urltype=news.DownloadAttachUrl&owner=1744984858&wbfileid=16485008'}]"
113,教研教改,福州大学关于开展2025级“数理金融实验班”招生工作的通知,2025-09-02,https://jwch.fzu.edu.cn//info/1037/14176.htm,"[{'附件名': '【附件2：福州大学2025级“数理金融实验班”选拔方案.doc】', '下载次数': 762, '链接码': '/system/_content/download.jsp?urltype=news.DownloadAttachUrl&owner=1744984858&wbfileid=16714218'}, {'附件名': '【附件1：福州大学2025级“数理金融实验班”招生简章.doc】', '下载次数': 954, '链接码': '/system/_content/download.jsp?urltype=news.DownloadAttachUrl&owner=1744984858&wbfileid=16714580'}, {'附件名': '【附件3：2025级数理金融实验班申请表.doc】', '下载次数': 358, '链接码': '/system/_content/download.jsp?urltype=news.DownloadAttachUrl&owner=1744984858&wbfileid=16714220'}, {'附件名': '【附件4：承诺书.doc】', '下载次数': 245, '链接码': '/system/_content/download.jsp?urltype=news.DownloadAttachUrl&owner=1744984858&wbfileid=16714221'}]"
114,质量办,关于举办福州大学第六十九期“教学有道”研讨活动的通知,2025-05-14,https://jwch.fzu.edu.cn//info/1040/14054.htm,[]
115,计划科,关于组织申报2025-2026学年第一学期通识教育选修课的通知,2025-05-12,https://jwch.fzu.edu.cn//info/1038/14048.htm,[]
116,教学运行,关于2024-2025学年第二学期2023级、2024级体育理论教室安排的通知,2025-05-14,https://jwch.fzu.edu.cn//info/1036/14055.htm,[]
117,综合科,关于转发教育部高等教育司关于开展人工智能综合能力提升培训工作的通知,2025-06-19,https://jwch.fzu.edu.cn//info/1035/14124.htm,"[{'附件名': '【教育部高等教育司关于开展人工智能综合能力提升培训工作的通知（6月30日前）.pdf】', '下载次数': 447, '链接码': '/system/_content/download.jsp?urltype=news.DownloadAttachUrl&owner=1744984858&wbfileid=16486009'}, {'附件名': '【（学院名称）——参加教育部人工智能综合能力提升培训工作情况 .xls】', '下载次数': 287, '链接码': '/system/_content/download.jsp?urltype=news.DownloadAttachUrl&owner=1744984858&wbfileid=16486008'}]"
118,质量办,关于举办福州大学第六十八场“教学有道”暨第二期智慧教学课程平台与AI智慧教学工具培训的通知,2025-05-06,https://jwch.fzu.edu.cn//info/1040/14037.htm,[]
119,计划科,2024-2025学年第二学期在校学生申请辅修专业的通知,2025-05-06,https://jwch.fzu.edu.cn//info/1038/14038.htm,[]
120,教学运行,关于2024-2025学年第二学期《概率论与数理统计》课程期末考试安排的通知,2025-05-27,https://jwch.fzu.edu.cn//info/1036/14081.htm,"[{'附件名': '【2402概率-6.8下午.xlsx】', '下载次数': 234, '链接码': '/system/_content/download.jsp?urltype=news.DownloadAttachUrl&owner=1744984858&wbfileid=16228788'}]"
121,教学运行,关于2024-2025学年第二学期《工程制图C（下）》、《工程制图D》、《工程制图F》课程期末考试安排的通知,2025-05-22,https://jwch.fzu.edu.cn//info/1036/14072.htm,"[{'附件名': '【2402工程制图C（下）、D、F期末考-6.8上午.xlsx】', '下载次数': 307, '链接码': '/system/_content/download.jsp?urltype=news.DownloadAttachUrl&owner=1744984858&wbfileid=15786264'}]"
122,质量办,关于开学第一周集中听课的通知,2025-09-06,https://jwch.fzu.edu.cn//info/1040/14189.htm,"[{'附件名': '【附件1：福州大学课堂教学质量评估表.doc】', '下载次数': 130, '链接码': '/system/_content/download.jsp?urltype=news.DownloadAttachUrl&owner=1744984858&wbfileid=16714972'}, {'附件名': '【附件2：福州大学课堂教学质量评估表（思政课）.docx】', '下载次数': 122, '链接码': '/system/_content/download.jsp?urltype=news.DownloadAttachUrl&owner=1744984858&wbfileid=16714973'}, {'附件名': '【附件3：202501第一周课表.xlsx】', '下载次数': 205, '链接码': '/system/_content/download.jsp?urltype=news.DownloadAttachUrl&owner=1744984858&wbfileid=16714974'}, {'附件名': '【附件4：福州大学党政领导听课管理实施办法（福大教〔2022〕27号）.doc】', '下载次数': 80, '链接码': '/system/_content/download.jsp?urltype=news.DownloadAttachUrl&owner=1744984858&wbfileid=16714975'}]"
123,教学运行,关于2024-2025学年第二学期《大学英语（二）》、《大学英语（四）》课程期末考试安排的通知,2025-06-10,https://jwch.fzu.edu.cn//info/1036/14107.htm,"[{'附件名': '【2402大学英语四期末考-6.20上午.xlsx】', '下载次数': 231, '链接码': '/system/_content/download.jsp?urltype=news.DownloadAttachUrl&owner=1744984858&wbfileid=16478613'}, {'附件名': '【2402大学英语二期末考-6.28下午.xlsx】', '下载次数': 258, '链接码': '/system/_content/download.jsp?urltype=news.DownloadAttachUrl&owner=1744984858&wbfileid=16478612'}]"
124,教研教改,福州大学关于公布2023级数理综合班 专业分流学生名单及学科导师名单的通知,2025-05-09,https://jwch.fzu.edu.cn//info/1037/14042.htm,[]
125,教材中心,关于做好2025-2026学年第一学期教材选用与征订工作的通知,2025-05-16,https://jwch.fzu.edu.cn//content.jsp?urltype=news.NewsContentUrl&wbtreeid=1042&wbnewsid=14061,"[{'附件名': '【附件1：已出版马克思主义理论研究和建设工程重点教材目录（截至2025年2月，共计119种）.xlsx】', '下载次数': 73, '链接码': '/system/_content/download.jsp?urltype=news.DownloadAttachUrl&owner=1744984858&wbfileid=15785218'}]"
126,教学运行,关于2024-2025学年第二学期《中国近现代史纲要》课程期末考试安排的通知,2025-05-15,https://jwch.fzu.edu.cn//info/1036/14060.htm,"[{'附件名': '【2402史纲随堂考.xlsx】', '下载次数': 483, '链接码': '/system/_content/download.jsp?urltype=news.DownloadAttachUrl&owner=1744984858&wbfileid=15785065'}]"
127,实践科,关于公布第十五届大学生节能减排社会实践与科技竞赛暨第十一届材料创新、设计及应用竞赛获奖名单的通知,2025-05-09,https://jwch.fzu.edu.cn//content.jsp?urltype=news.NewsContentUrl&wbtreeid=1039&wbnewsid=14045,[]
128,实践科,关于开展大学生校外实践教学基地抽检工作的通知,2025-05-28,https://jwch.fzu.edu.cn//content.jsp?urltype=news.NewsContentUrl&wbtreeid=1039&wbnewsid=14086,"[{'附件名': '【附件1：福州大学大学生校外实践教学基地抽检名单一览表.xlsx】', '下载次数': 78, '链接码': '/system/_content/download.jsp?urltype=news.DownloadAttachUrl&owner=1744984858&wbfileid=16229485'}, {'附件名': '【附件2：福州大学大学生校外实践教学基地抽检汇总表.xlsx】', '下载次数': 52, '链接码': '/system/_content/download.jsp?urltype=news.DownloadAttachUrl&owner=1744984858&wbfileid=16229486'}]"
129,实践科,福州大学关于公布第二十二届程序设计竞赛获奖名单的通知,2025-04-24,https://jwch.fzu.edu.cn//content.jsp?urltype=news.NewsContentUrl&wbtreeid=1039&wbnewsid=14020,[]
130,教学运行,关于2025年劳动节放假课程调整的通知,2025-04-24,https://jwch.fzu.edu.cn//info/1036/14016.htm,[]
131,质量办,关于福州大学第六十八场“教学有道”研讨活动延期举行的通知,2025-04-24,https://jwch.fzu.edu.cn//info/1040/14017.htm,[]
132,质量办,关于举办福州大学第六十八场“教学有道”研讨活动的通知,2025-04-23,https://jwch.fzu.edu.cn//info/1040/14011.htm,[]
133,实践科,关于举办福州大学第九届网络信息安全竞赛的通知,2025-04-22,https://jwch.fzu.edu.cn//content.jsp?urltype=news.NewsContentUrl&wbtreeid=1039&wbnewsid=14010,[]
134,质量办,关于开展2025年度教师本科教学综合测评工作的通知,2025-05-09,https://jwch.fzu.edu.cn//info/1040/14044.htm,"[{'附件名': '【附件1-7.docx】', '下载次数': 572, '链接码': '/system/_content/download.jsp?urltype=news.DownloadAttachUrl&owner=1744984858&wbfileid=15783740'}]"
135,实践科,关于开展2023年本科生开放探索性实验项目（课程）结题验收工作的通知,2025-05-15,https://jwch.fzu.edu.cn//content.jsp?urltype=news.NewsContentUrl&wbtreeid=1039&wbnewsid=14058,"[{'附件名': '【2023年开放探索性实验项目（课程）结题验收通知附件.zip】', '下载次数': 162, '链接码': '/system/_content/download.jsp?urltype=news.DownloadAttachUrl&owner=1744984858&wbfileid=15785060'}]"
136,实践科,关于组织申报2025年本科生开放探索性实验项目（课程）的通知,2025-05-15,https://jwch.fzu.edu.cn//content.jsp?urltype=news.NewsContentUrl&wbtreeid=1039&wbnewsid=14059,"[{'附件名': '【2025年开放探索性实验项目（课程）通知附件.zip】', '下载次数': 154, '链接码': '/system/_content/download.jsp?urltype=news.DownloadAttachUrl&owner=1744984858&wbfileid=15785063'}]"
137,教学运行,关于2024-2025学年第二学期计算机语言类课程期末考试安排的通知,2025-05-12,https://jwch.fzu.edu.cn//info/1036/14052.htm,"[{'附件名': '【2402计算机语言类期末考-5.24.xlsx】', '下载次数': 565, '链接码': '/system/_content/download.jsp?urltype=news.DownloadAttachUrl&owner=1744984858&wbfileid=15784367'}]"
138,教学通知,关于开展2025届本科毕业生在校学习体验调研的通知,2025-04-22,https://jwch.fzu.edu.cn//info/1012/14005.htm,[]
139,质量办,关于开展2025届本科毕业生在校学习体验调研的通知,2025-04-22,https://jwch.fzu.edu.cn//info/1040/14006.htm,[]
140,教学运行,关于2024-2025学年第二学期《习近平新时代中国特色社会主义思想概论》课程期末考试安排的通知,2025-05-12,https://jwch.fzu.edu.cn//info/1036/14053.htm,"[{'附件名': '【2402习概随堂考.xlsx】', '下载次数': 333, '链接码': '/system/_content/download.jsp?urltype=news.DownloadAttachUrl&owner=1744984858&wbfileid=15784368'}]"
141,教学通知,关于开展2025年度教师本科教学综合测评工作的通知,2025-05-09,https://jwch.fzu.edu.cn//info/1012/14043.htm,"[{'附件名': '【关于开展2025年度教师本科教学综合测评工作的通知.doc】', '下载次数': 592, '链接码': '/system/_content/download.jsp?urltype=news.DownloadAttachUrl&owner=1744984858&wbfileid=15783736'}]"
142,教学运行,关于2024-2025学年第二学期《线性代数》、《线性代数与解析几何》课程期末考试安排的通知,2025-05-12,https://jwch.fzu.edu.cn//info/1036/14051.htm,"[{'附件名': '【2402线性代数、线性代数与解析几何期末考-5.25下午.xlsx】', '下载次数': 368, '链接码': '/system/_content/download.jsp?urltype=news.DownloadAttachUrl&owner=1744984858&wbfileid=15784365'}]"
143,教学运行,关于2026届预计毕业生核对电子注册学历信息的通知,2025-04-17,https://jwch.fzu.edu.cn//info/1036/14002.htm,[]
144,教研教改,福州大学关于公布2023级数理金融实验班 学生主辅修专业及导师名单的通知,2025-04-09,https://jwch.fzu.edu.cn//info/1037/13986.htm,[]
145,实践科,关于做好2023年、2024年本科生科研训练计划项目结题工作的通知,2025-05-12,https://jwch.fzu.edu.cn//content.jsp?urltype=news.NewsContentUrl&wbtreeid=1039&wbnewsid=14050,"[{'附件名': '【附件1：国家级、省级项目结题表格.zip】', '下载次数': 623, '链接码': '/system/_content/download.jsp?urltype=news.DownloadAttachUrl&owner=1744984858&wbfileid=15784364'}, {'附件名': '【附件2：校级项目结题表格.zip】', '下载次数': 980, '链接码': '/system/_content/download.jsp?urltype=news.DownloadAttachUrl&owner=1744984858&wbfileid=15784363'}]"
146,教材中心,2025年福建省高校教材联合巡展 （福州大学）活动通知,2025-04-11,https://jwch.fzu.edu.cn//content.jsp?urltype=news.NewsContentUrl&wbtreeid=1042&wbnewsid=13991,[]
147,实践科,关于公布2025年（总第三十一期）本科生科研训练计划立项项目的通知,2025-04-30,https://jwch.fzu.edu.cn//content.jsp?urltype=news.NewsContentUrl&wbtreeid=1039&wbnewsid=14033,"[{'附件名': '【附件：福州大学2025年（总第三十一期）本科生科研训练计划立项项目汇总表.docx】', '下载次数': 3498, '链接码': '/system/_content/download.jsp?urltype=news.DownloadAttachUrl&owner=1744984858&wbfileid=15782627'}]"
148,质量办,关于举办福州大学第六十七场“教学有道”研讨活动——暨2025年全国周培源大学生力学竞赛进校园活动的通知,2025-04-16,https://jwch.fzu.edu.cn//info/1040/13997.htm,[]
149,教学运行,关于2024-2025学年第二学期《工程制图E》课程期末考试安排的通知,2025-04-23,https://jwch.fzu.edu.cn//info/1036/14012.htm,"[{'附件名': '【2402工程制图E期末考-5.18上午.xlsx】', '下载次数': 299, '链接码': '/system/_content/download.jsp?urltype=news.DownloadAttachUrl&owner=1744984858&wbfileid=15780905'}]"
150,实践科,关于举办2025年福州大学大学生电子设计竞赛暨全国大学生电子设计竞赛选拔赛的通知,2025-04-16,https://jwch.fzu.edu.cn//content.jsp?urltype=news.NewsContentUrl&wbtreeid=1039&wbnewsid=13999,[]
151,实践科,关于举办2025年福州大学第二十五届数学竞赛暨第十七届全国大学生数学竞赛福建赛区选拔赛的通知,2025-04-30,https://jwch.fzu.edu.cn//content.jsp?urltype=news.NewsContentUrl&wbtreeid=1039&wbnewsid=14034,"[{'附件名': '【附件3：福州大学第二十五届数学竞赛大纲.docx】', '下载次数': 1669, '链接码': '/system/_content/download.jsp?urltype=news.DownloadAttachUrl&owner=1744984858&wbfileid=15782623'}]"
152,教学运行,关于2024-2025学年第二学期《高等数学A（中）》、《高等数学B（下）》、《高等数学C（下）》课程半期考试安排的通知,2025-04-22,https://jwch.fzu.edu.cn//info/1036/14007.htm,"[{'附件名': '【2402高数半期考-5.11下午.xlsx】', '下载次数': 577, '链接码': '/system/_content/download.jsp?urltype=news.DownloadAttachUrl&owner=1744984858&wbfileid=15780740'}]"
153,质量办,关于举办福州大学第六十六场“教学有道”暨第一期智慧教学课程平台与AI智慧教学工具培训的通知,2025-04-07,https://jwch.fzu.edu.cn//info/1040/13981.htm,[]
154,实践科,关于举办福州大学第十九届数学建模竞赛暨2025年“高教社杯”全国大学生数学建模竞赛选拔赛的通知,2025-04-14,https://jwch.fzu.edu.cn//info/1039/13993.htm,"[{'附件名': '【附件.zip】', '下载次数': 420, '链接码': '/system/_content/download.jsp?urltype=news.DownloadAttachUrl&owner=1744984858&wbfileid=15775875'}]"
155,教材中心,关于组织申报2025年度教育部大中小课程教材研究项目的通知,2025-06-06,https://jwch.fzu.edu.cn//info/1042/14105.htm,"[{'附件名': '【附件1.教育部办公厅关于组织申报2025年度教育部大中小学课程教材研究项目的通知.pdf】', '下载次数': 547, '链接码': '/system/_content/download.jsp?urltype=news.DownloadAttachUrl&owner=1744984858&wbfileid=16477964'}, {'附件名': '【附件2.教育部大中小学课程教材研究项目2025年度重大项目和重点项目选题指南.docx】', '下载次数': 386, '链接码': '/system/_content/download.jsp?urltype=news.DownloadAttachUrl&owner=1744984858&wbfileid=16477965'}, {'附件名': '【附件3.教育部大中小学课程教材研究项目2025年度申报书.docx】', '下载次数': 205, '链接码': '/system/_content/download.jsp?urltype=news.DownloadAttachUrl&owner=1744984858&wbfileid=16477966'}, {'附件名': '【附件4.2025年度教育部大中小学课程教材研究项目推荐汇总表.xlsx】', '下载次数': 147, '链接码': '/system/_content/download.jsp?urltype=news.DownloadAttachUrl&owner=1744984858&wbfileid=16477967'}]"
156,教学运行,关于2025年清明节放假课程调整的通知,2025-04-01,https://jwch.fzu.edu.cn//info/1036/13976.htm,[]
157,实践科,关于评选福州大学2025届本科生优秀毕业设计（论文）的通知,2025-05-21,https://jwch.fzu.edu.cn//content.jsp?urltype=news.NewsContentUrl&wbtreeid=1039&wbnewsid=14070,"[{'附件名': '【附件1：福州大学本科生优秀毕业设计（论文）推荐汇总表.doc】', '下载次数': 308, '链接码': '/system/_content/download.jsp?urltype=news.DownloadAttachUrl&owner=1744984858&wbfileid=15786071'}, {'附件名': '【附件2：福州大学本科生优秀毕业设计（论文）申报表.doc】', '下载次数': 275, '链接码': '/system/_content/download.jsp?urltype=news.DownloadAttachUrl&owner=1744984858&wbfileid=15786070'}, {'附件名': '【附件3：福州大学本科生优秀毕业设计（论文）评审表.doc】', '下载次数': 305, '链接码': '/system/_content/download.jsp?urltype=news.DownloadAttachUrl&owner=1744984858&wbfileid=15786072'}]"
158,实践科,关于组织开展第十八届中国大学生计算机设计大赛校内预选赛的通知,2025-03-31,https://jwch.fzu.edu.cn//info/1039/13973.htm,[]
159,质量办,关于期中党政领导集中听课的通知,2025-04-27,https://jwch.fzu.edu.cn//info/1040/14032.htm,"[{'附件名': '【附件1：福州大学课堂教学质量评估表.doc】', '下载次数': 203, '链接码': '/system/_content/download.jsp?urltype=news.DownloadAttachUrl&owner=1744984858&wbfileid=15781690'}, {'附件名': '【附件2：第10-12周课表.xlsx】', '下载次数': 455, '链接码': '/system/_content/download.jsp?urltype=news.DownloadAttachUrl&owner=1744984858&wbfileid=15781691'}]"
160,计划科,关于2024-2025学年第二学期爱课程平台参加通识教育选修课学习的重要提示,2025-03-11,https://jwch.fzu.edu.cn//info/1038/13907.htm,[]
161,教学运行,关于做好2025-2026学年第一学期排课准备工作的通知,2025-03-11,https://jwch.fzu.edu.cn//info/1036/13908.htm,[]
162,质量办,关于举办福州大学第六十四场“教学有道”研讨活动的通知,2025-03-11,https://jwch.fzu.edu.cn//info/1040/13905.htm,[]
163,质量办,关于开展2025年春季学期本科实验教学专项检查的通知,2025-04-08,https://jwch.fzu.edu.cn//info/1040/13983.htm,"[{'附件名': '【附件.rar】', '下载次数': 413, '链接码': '/system/_content/download.jsp?urltype=news.DownloadAttachUrl&owner=1744984858&wbfileid=15773204'}]"
164,实践科,关于举办福州大学第二十二届程序设计竞赛暨校ACM/ICPC集训队选拔赛的通知,2025-03-24,https://jwch.fzu.edu.cn//info/1039/13948.htm,[]
165,质量办,关于举办第六十五场“教学有道”研讨活动的通知,2025-03-20,https://jwch.fzu.edu.cn//info/1040/13945.htm,[]
166,教学运行,关于2024-2025学年第二学期《线性代数》课程半期考试安排的通知,2025-04-11,https://jwch.fzu.edu.cn//info/1036/13989.htm,"[{'附件名': '【2402线代半期考-4.26晚上.xlsx】', '下载次数': 330, '链接码': '/system/_content/download.jsp?urltype=news.DownloadAttachUrl&owner=1744984858&wbfileid=15775021'}]"
167,实践科,关于组织申报2025年大学生劳动教育实践基地的通知,2025-04-22,https://jwch.fzu.edu.cn//content.jsp?urltype=news.NewsContentUrl&wbtreeid=1039&wbnewsid=14008,"[{'附件名': '【附件：福州大学大学生劳动教育实践基地申报书.docx】', '下载次数': 186, '链接码': '/system/_content/download.jsp?urltype=news.DownloadAttachUrl&owner=1744984858&wbfileid=15780775'}, {'附件名': '【附件：福州大学大学生劳动教育实践基地申报汇总表.docx】', '下载次数': 133, '链接码': '/system/_content/download.jsp?urltype=news.DownloadAttachUrl&owner=1744984858&wbfileid=15780881'}]"
168,教学运行,关于2024-2025学年第二学期《马克思主义基本原理》、《毛泽东思想和中国特色社会主义理论体系概论》和《思想道德与法治》课程期末考试安排的通知,2025-06-03,https://jwch.fzu.edu.cn//info/1036/14095.htm,"[{'附件名': '【2402德法随堂考.xlsx】', '下载次数': 267, '链接码': '/system/_content/download.jsp?urltype=news.DownloadAttachUrl&owner=1744984858&wbfileid=16230472'}, {'附件名': '【2402马原随堂考.xlsx】', '下载次数': 327, '链接码': '/system/_content/download.jsp?urltype=news.DownloadAttachUrl&owner=1744984858&wbfileid=16230473'}, {'附件名': '【2402毛概随堂考.xlsx】', '下载次数': 273, '链接码': '/system/_content/download.jsp?urltype=news.DownloadAttachUrl&owner=1744984858&wbfileid=16230471'}]"
169,实践科,关于开展2025届本科毕业设计（论文）抽检送审工作的通知,2025-04-24,https://jwch.fzu.edu.cn//content.jsp?urltype=news.NewsContentUrl&wbtreeid=1039&wbnewsid=14018,"[{'附件名': '【附件1：福建省本科毕业论文（设计）抽检评议要素（试行）.docx】', '下载次数': 1896, '链接码': '/system/_content/download.jsp?urltype=news.DownloadAttachUrl&owner=1744984858&wbfileid=15781146'}, {'附件名': '【附件2：2025届福州大学本科毕业设计（论文）抽检情况汇总表.xls】', '下载次数': 2441, '链接码': '/system/_content/download.jsp?urltype=news.DownloadAttachUrl&owner=1744984858&wbfileid=15781147'}]"
170,实践科,关于举办福州大学第十五届大学生节能减排社会实践与科技竞赛暨第十一届材料创新、设计及应用竞赛的通知,2025-04-15,https://jwch.fzu.edu.cn//content.jsp?urltype=news.NewsContentUrl&wbtreeid=1039&wbnewsid=13995,"[{'附件名': '【附件.zip】', '下载次数': 285, '链接码': '/system/_content/download.jsp?urltype=news.DownloadAttachUrl&owner=1744984858&wbfileid=15776222'}]"
171,教学运行,关于2024-2025学年第二学期重新学习选课、缴费的通知,2025-03-10,https://jwch.fzu.edu.cn//info/1036/13903.htm,[]
172,实践科,关于举办福州大学第十四届大学生软件设计与服务外包创新创业竞赛的通知,2025-03-06,https://jwch.fzu.edu.cn//info/1039/13898.htm,[]
173,教学运行,关于2024-2025学年第二学期《概率论与数理统计》课程半期考试安排的通知,2025-03-24,https://jwch.fzu.edu.cn//info/1036/13947.htm,"[{'附件名': '【2402概率论半期考-4.13下午.xlsx】', '下载次数': 439, '链接码': '/system/_content/download.jsp?urltype=news.DownloadAttachUrl&owner=1744984858&wbfileid=15767966'}]"
174,综合科,关于2024-2025学年第二学期本科生学生证补办和火车票优惠区间更改的通知,2025-02-24,https://jwch.fzu.edu.cn//info/1035/13884.htm,[]
175,教学运行,关于2024-2025学年第二学期《大学物理A（上）》、《大学物理B（上）》课程半期考试安排的通知,2025-04-01,https://jwch.fzu.edu.cn//info/1036/13974.htm,"[{'附件名': '【2402大物A上、B上半期考-4.13下午.xlsx】', '下载次数': 630, '链接码': '/system/_content/download.jsp?urltype=news.DownloadAttachUrl&owner=1744984858&wbfileid=15770526'}]"
176,教学运行,关于2024-2025第二学期学期选课、辅修选课补退选和缴费的通知,2025-02-23,https://jwch.fzu.edu.cn//info/1036/13881.htm,[]
177,计划科,关于公布2024-2025学年第二学期通选课取消开课名单的通知,2025-03-03,https://jwch.fzu.edu.cn//info/1038/13890.htm,[]
178,教材中心,关于2024-2025学年第二学期教材发放的通知,2025-02-22,https://jwch.fzu.edu.cn//info/1042/13876.htm,[]
179,综合科,关于召开2024-2025学年春季学期期初本科教育教学工作会议的通知,2025-02-22,https://jwch.fzu.edu.cn//content.jsp?urltype=news.NewsContentUrl&wbtreeid=1035&wbnewsid=13875,[]
180,教研教改,福州大学关于收集线上课程资源需求的通知（2025年）,2025-01-15,https://jwch.fzu.edu.cn//info/1037/13861.htm,[]
181,实践科,关于举办福州大学第十六届企业经营模拟沙盘对抗赛的通知,2025-03-19,https://jwch.fzu.edu.cn//info/1039/13935.htm,"[{'附件名': '【附件：福州大学第十六届企业经营模拟沙盘对抗赛报名表.doc】', '下载次数': 837, '链接码': '/system/_content/download.jsp?urltype=news.DownloadAttachUrl&owner=1744984858&wbfileid=15766807'}]"
182,质量办,关于开展2024年新上岗教师课堂授课达标考核的通知,2025-04-07,https://jwch.fzu.edu.cn//info/1040/13982.htm,"[{'附件名': '【附件2：2024年新上岗教师课堂授课达标考核情况汇总表---需一式三份报教评中心.docx】', '下载次数': 341, '链接码': '/system/_content/download.jsp?urltype=news.DownloadAttachUrl&owner=1744984858&wbfileid=15771692'}, {'附件名': '【附件1：2024年福州大学新上岗教师达标培训班名单.xlsx】', '下载次数': 464, '链接码': '/system/_content/download.jsp?urltype=news.DownloadAttachUrl&owner=1744984858&wbfileid=15771690'}]"
183,质量办,关于开展2025年春季学期申请类督导听课工作的通知,2025-03-07,https://jwch.fzu.edu.cn//info/1040/13901.htm,"[{'附件名': '【附件：2025年春季学期申请类督导听课汇总表.docx】', '下载次数': 354, '链接码': '/system/_content/download.jsp?urltype=news.DownloadAttachUrl&owner=1744984858&wbfileid=15764095'}]"
184,计划科,关于印发《福州大学本科生课程替代与学分认定管理实施办法》的通知,2025-01-10,https://jwch.fzu.edu.cn//info/1038/13857.htm,[]
185,综合科,教务处关于2025年寒假用印安排的通知,2025-01-18,https://jwch.fzu.edu.cn//content.jsp?urltype=news.NewsContentUrl&wbtreeid=1035&wbnewsid=13871,[]
186,教学运行,关于2025届预计毕业生校对电子注册学历照片的通知,2025-01-07,https://jwch.fzu.edu.cn//info/1036/13851.htm,[]
187,教学运行,关于2024-2025学年第二学期辅修专业选课的通知,2025-01-07,https://jwch.fzu.edu.cn//info/1036/13852.htm,[]
188,教学通知,关于召开2024-2025学年秋季学期期末本科教育教学工作会议的通知,2025-01-04,https://jwch.fzu.edu.cn//info/1012/13848.htm,[]
189,实践科,关于举办福州大学第五届先进成图技术与产品信息建模创新大赛的通知,2025-03-06,https://jwch.fzu.edu.cn//info/1039/13900.htm,"[{'附件名': '【附件2：第五届福州大学先进成图技术与产品信息建模创新大赛报名表.xls】', '下载次数': 557, '链接码': '/system/_content/download.jsp?urltype=news.DownloadAttachUrl&owner=1744984858&wbfileid=15763874'}]"
190,综合科,关于召开2024-2025学年秋季学期期末本科教育教学工作会议的通知,2025-01-04,https://jwch.fzu.edu.cn//content.jsp?urltype=news.NewsContentUrl&wbtreeid=1035&wbnewsid=13847,[]
191,计划科,关于核对2024-2025学年第二学期通识教育选修课开课信息的有关通知,2025-01-02,https://jwch.fzu.edu.cn//info/1038/13841.htm,[]
192,实践科,关于开展大学生校外实践教学基地检查评估工作的通知,2025-04-02,https://jwch.fzu.edu.cn//info/1039/13977.htm,"[{'附件名': '【附件1：福州大学大学生校外实践教学基地检查评估汇总表.xlsx】', '下载次数': 440, '链接码': '/system/_content/download.jsp?urltype=news.DownloadAttachUrl&owner=1744984858&wbfileid=15770743'}, {'附件名': '【附件2：福州大学大学生校外实践教学基地检查评估表.xlsx】', '下载次数': 473, '链接码': '/system/_content/download.jsp?urltype=news.DownloadAttachUrl&owner=1744984858&wbfileid=15770744'}]"
193,教学运行,关于2025届预计毕业生补拍电子注册学历照片的通知,2025-04-10,https://jwch.fzu.edu.cn//info/1036/13988.htm,"[{'附件名': '【附件3：获得图像采集码途径.pdf】', '下载次数': 624, '链接码': '/system/_content/download.jsp?urltype=news.DownloadAttachUrl&owner=1744984858&wbfileid=15774886'}, {'附件名': '【附件1：行政北楼平面图.pdf】', '下载次数': 555, '链接码': '/system/_content/download.jsp?urltype=news.DownloadAttachUrl&owner=1744984858&wbfileid=15774887'}, {'附件名': '【附件2：证件照拍摄要求.pdf】', '下载次数': 2292, '链接码': '/system/_content/download.jsp?urltype=news.DownloadAttachUrl&owner=1744984858&wbfileid=15774888'}]"
194,质量办,关于推荐遴选校级本科教学督导员的通知,2025-02-24,https://jwch.fzu.edu.cn//info/1040/13883.htm,"[{'附件名': '【附件：福州大学本科教学督导员推荐表.docx】', '下载次数': 410, '链接码': '/system/_content/download.jsp?urltype=news.DownloadAttachUrl&owner=1744984858&wbfileid=15761796'}]"
195,计划科,关于2024-2025学年第二学期港澳台侨学生思政课和军事课程退选替代的通知,2025-02-22,https://jwch.fzu.edu.cn//info/1038/13880.htm,"[{'附件名': '【2024-2025学年第二学期国情课列表.docx】', '下载次数': 918, '链接码': '/system/_content/download.jsp?urltype=news.DownloadAttachUrl&owner=1744984858&wbfileid=15761212'}]"
196,教学运行,福州大学关于印发授予普通全日制学生学士学位工作细则的通知,2024-12-31,https://jwch.fzu.edu.cn//content.jsp?urltype=news.NewsContentUrl&wbtreeid=1036&wbnewsid=13842,[]
197,计划科,关于2024级学生参加2024-2025学年第二学期《大学生国家安全教育》课程学习的通知,2025-02-22,https://jwch.fzu.edu.cn//info/1038/13878.htm,"[{'附件名': '【超星尔雅使用手册（学生版）.pdf】', '下载次数': 929, '链接码': '/system/_content/download.jsp?urltype=news.DownloadAttachUrl&owner=1744984858&wbfileid=15761200'}]"
198,计划科,关于通识教育选修课《国际化拔尖创新人才科研训练2025春》宣讲会及选课的通知,2025-02-22,https://jwch.fzu.edu.cn//info/1038/13879.htm,"[{'附件名': '【2025年春季国际化拔尖创新人才科研训练具体课程清单.xlsx】', '下载次数': 1676, '链接码': '/system/_content/download.jsp?urltype=news.DownloadAttachUrl&owner=1744984858&wbfileid=15761347'}]"
199,教学运行,关于做好期末复习考试及下学期开学等工作的通知,2024-12-27,https://jwch.fzu.edu.cn//info/1036/13820.htm,[]
200,实践科,关于做好创新创业实践与素质拓展学分认定工作的通知,2025-03-04,https://jwch.fzu.edu.cn//info/1039/13893.htm,"[{'附件名': '【附件1：本科生创新创业实践与素质拓展学分认定汇总表（2025年版）.docx】', '下载次数': 3284, '链接码': '/system/_content/download.jsp?urltype=news.DownloadAttachUrl&owner=1744984858&wbfileid=15763390'}, {'附件名': '【附件2：本科生创新创业实践与素质拓展学分认定申请表（2025年版）.docx】', '下载次数': 2679, '链接码': '/system/_content/download.jsp?urltype=news.DownloadAttachUrl&owner=1744984858&wbfileid=15763405'}]"
201,实践科,关于做好第三十一期本科生科研训练计划项目立项申报工作的通知,2025-01-13,https://jwch.fzu.edu.cn//info/1039/13858.htm,"[{'附件名': '【第31期SRTP附件.zip】', '下载次数': 3919, '链接码': '/system/_content/download.jsp?urltype=news.DownloadAttachUrl&owner=1744984858&wbfileid=15756794'}]"
202,教学运行,关于做好2025年3月退役复学学生转专业的通知,2025-03-10,https://jwch.fzu.edu.cn//info/1036/13904.htm,"[{'附件名': '【福州大学参军退伍复学后学生转专业审批表.doc】', '下载次数': 448, '链接码': '/system/_content/download.jsp?urltype=news.DownloadAttachUrl&owner=1744984858&wbfileid=15764381'}, {'附件名': '【福州大学本科生转专业管理实施办法 .doc】', '下载次数': 433, '链接码': '/system/_content/download.jsp?urltype=news.DownloadAttachUrl&owner=1744984858&wbfileid=15764380'}]"
203,教学运行,关于2025年春季学期《大学物理实验A（上）》、《大学物理实验C》绪论课程教室安排的通知,2025-01-08,https://jwch.fzu.edu.cn//info/1036/13853.htm,"[{'附件名': '【2025年春季学期《大学物理实验A（上）》、《大学物理实验C》绪论课安排.xlsx】', '下载次数': 1210, '链接码': '/system/_content/download.jsp?urltype=news.DownloadAttachUrl&owner=1744984858&wbfileid=15756207'}]"
204,质量办,关于举办福州大学第六十三场“教学有道”研讨活动的通知,2024-12-24,https://jwch.fzu.edu.cn//info/1040/13810.htm,[]
205,实践科,关于公布2024年福州大学大学生工程实践与创新能力大赛获奖名单的通知,2024-12-24,https://jwch.fzu.edu.cn//info/1039/13808.htm,[]
206,教学运行,关于2025年元旦放假课程调整的通知,2024-12-25,https://jwch.fzu.edu.cn//info/1036/13812.htm,[]
207,教学运行,关于2024-2025学年第一学期《大学物理A（下）》和《大学物理B（下）》课程期末考试安排的通知,2024-12-29,https://jwch.fzu.edu.cn//info/1036/13833.htm,"[{'附件名': '【2401大学物理A下、B下期末考-1.17上午.xlsx】', '下载次数': 584, '链接码': '/system/_content/download.jsp?urltype=news.DownloadAttachUrl&owner=1744984858&wbfileid=15742324'}]"
208,实践科,关于对2024年学院教学有关数据进行统计的通知,2024-12-30,https://jwch.fzu.edu.cn//info/1039/13836.htm,"[{'附件名': '【2024年学院教学有关数据统计表格.zip】', '下载次数': 813, '链接码': '/system/_content/download.jsp?urltype=news.DownloadAttachUrl&owner=1744984858&wbfileid=15742546'}]"
209,教学运行,关于2024-2025学年第二学期本科生学期选课的通知,2024-12-23,https://jwch.fzu.edu.cn//info/1036/13804.htm,[]
210,质量办,关于上报学院本科教育教学质量保障2024年工作总结和2025年工作计划的通知,2024-12-18,https://jwch.fzu.edu.cn//info/1040/13797.htm,[]
211,教材中心,关于公布福州大学2024年本科数字教材建设立项项目的通知,2024-12-12,https://jwch.fzu.edu.cn//info/1042/13837.htm,"[{'附件名': '【福州大学2024年本科数字教材建设立项项目名单.xls】', '下载次数': 660, '链接码': '/system/_content/download.jsp?urltype=news.DownloadAttachUrl&owner=1744984858&wbfileid=15742619'}]"
212,教学运行,关于2024-2025学年第一学期《大学英语（一）》和《大学英语（三）》课程期末考试安排的通知,2024-12-25,https://jwch.fzu.edu.cn//info/1036/13813.htm,"[{'附件名': '【2401英语一、三期末考-1.10.xlsx】', '下载次数': 506, '链接码': '/system/_content/download.jsp?urltype=news.DownloadAttachUrl&owner=1744984858&wbfileid=15647279'}]"
213,计划科,关于2024-2025学年第二学期通识教育选修课选课的通知,2025-02-22,https://jwch.fzu.edu.cn//info/1038/13877.htm,"[{'附件名': '【超星尔雅使用手册（学生版）.pdf】', '下载次数': 2024, '链接码': '/system/_content/download.jsp?urltype=news.DownloadAttachUrl&owner=1744984858&wbfileid=15761197'}, {'附件名': '【慕课堂学生操作手册.pdf】', '下载次数': 2591, '链接码': '/system/_content/download.jsp?urltype=news.DownloadAttachUrl&owner=1744984858&wbfileid=15761198'}, {'附件名': '【智慧树学生手册2025春夏.pptx】', '下载次数': 1796, '链接码': '/system/_content/download.jsp?urltype=news.DownloadAttachUrl&owner=1744984858&wbfileid=15761199'}]"
214,教学运行,关于2024-2025学年第一学期《大学英语（二）》课程期末考试安排的通知,2024-12-25,https://jwch.fzu.edu.cn//info/1036/13814.htm,"[{'附件名': '【2401英语二期末考-1.11上、下午.xlsx】', '下载次数': 605, '链接码': '/system/_content/download.jsp?urltype=news.DownloadAttachUrl&owner=1744984858&wbfileid=15647283'}]"
215,教学运行,关于2024-2025学年第一学期《中国近现代史纲要》课程期末考试安排的通知,2024-12-17,https://jwch.fzu.edu.cn//info/1036/13796.htm,"[{'附件名': '【2401史纲随堂考.xlsx】', '下载次数': 844, '链接码': '/system/_content/download.jsp?urltype=news.DownloadAttachUrl&owner=1744984858&wbfileid=15645108'}]"
216,质量办,关于举办福州大学第六十二场“教学有道” 研讨活动的通知,2024-12-05,https://jwch.fzu.edu.cn//info/1040/13783.htm,[]
217,教学运行,关于2024-2025学年第一学期《工程制图C（上）》、《工程制图D》和《工程制图F》课程期末考试安排的通知,2024-12-25,https://jwch.fzu.edu.cn//info/1036/13815.htm,"[{'附件名': '【2401制图C（上）、D、F期末考-1.13下午.xlsx】', '下载次数': 690, '链接码': '/system/_content/download.jsp?urltype=news.DownloadAttachUrl&owner=1744984858&wbfileid=15647296'}]"
218,质量办,关于举办福州大学第六十一场“教学有道” 研讨活动的通知,2024-11-26,https://jwch.fzu.edu.cn//info/1040/13769.htm,[]
219,教学运行,关于2024-2025学年第一学期《线性代数》和《线性代数与解析几何》课程期末考试安排的通知,2024-12-24,https://jwch.fzu.edu.cn//info/1036/13805.htm,"[{'附件名': '【2401线性代数、线性代数与解析几何期末考-1.5上午.xlsx】', '下载次数': 542, '链接码': '/system/_content/download.jsp?urltype=news.DownloadAttachUrl&owner=1744984858&wbfileid=15646935'}]"
220,计划科,关于2024-2025学年第二学期修读辅修专业学生名单的公示,2024-12-02,https://jwch.fzu.edu.cn//info/1038/13777.htm,[]
221,实践科,关于组织参加2025年美国大学生数学建模竞赛（MCM/ICM）通知,2024-11-29,https://jwch.fzu.edu.cn//info/1039/13773.htm,[]
222,质量办,关于举办福州大学第六十场“教学有道”研讨活动的通知,2024-11-25,https://jwch.fzu.edu.cn//info/1040/13768.htm,[]
223,教学运行,关于2024-2025学年第一学期《思想道德与法治》课程期末考试安排的通知,2024-12-24,https://jwch.fzu.edu.cn//info/1036/13806.htm,"[{'附件名': '【2401思法随堂考.xlsx】', '下载次数': 1256, '链接码': '/system/_content/download.jsp?urltype=news.DownloadAttachUrl&owner=1744984858&wbfileid=15646936'}]"
224,教学运行,关于2024-2025学年第一学期《大学英语（四）》课程期末考试安排的通知,2024-12-17,https://jwch.fzu.edu.cn//info/1036/13795.htm,"[{'附件名': '【2401英语四期末考-12.29上午.xlsx】', '下载次数': 988, '链接码': '/system/_content/download.jsp?urltype=news.DownloadAttachUrl&owner=1744984858&wbfileid=15645107'}]"
225,实践科,关于做好2025届本科生毕业设计（论文）工作的通知,2024-12-12,https://jwch.fzu.edu.cn//content.jsp?urltype=news.NewsContentUrl&wbtreeid=1039&wbnewsid=13791,"[{'附件名': '【附件：2025届福州大学本科生毕业设计（论文）有关表格.zip】', '下载次数': 4904, '链接码': '/system/_content/download.jsp?urltype=news.DownloadAttachUrl&owner=1744984858&wbfileid=15643247'}]"
226,教学运行,关于2024-2025学年第一学期《高等数学A（上）》、《高等数学B（上）》、《高等数学C（上）》和《高等数学D》课程期末考试安排的通知,2024-12-29,https://jwch.fzu.edu.cn//info/1036/13831.htm,"[{'附件名': '【2401高等数学C上、D期末考-1.16下午.xlsx】', '下载次数': 600, '链接码': '/system/_content/download.jsp?urltype=news.DownloadAttachUrl&owner=1744984858&wbfileid=15742323'}, {'附件名': '【2401高等数学A上、B上期末考-1.16上午.xlsx】', '下载次数': 828, '链接码': '/system/_content/download.jsp?urltype=news.DownloadAttachUrl&owner=1744984858&wbfileid=15742322'}]"
227,质量办,关于举办福州大学第五十九场“教学有道” 研讨活动的通知,2024-11-14,https://jwch.fzu.edu.cn//info/1040/13758.htm,[]
228,计划科,关于组织申报2024-2025学年第二学期通识教育选修课的通知,2024-11-11,https://jwch.fzu.edu.cn//info/1038/13750.htm,[]
229,教学运行,关于2024-2025学年第一学期计算机语言类课程期末考试安排的通知,2024-12-13,https://jwch.fzu.edu.cn//info/1036/13792.htm,"[{'附件名': '【2401计算机语言课程期末考-12.28上午.xlsx】', '下载次数': 637, '链接码': '/system/_content/download.jsp?urltype=news.DownloadAttachUrl&owner=1744984858&wbfileid=15643339'}]"
230,综合科,关于2024-2025学年第一学期再次开放本科生学生证补办及火车票优惠区间更改的通知,2024-11-15,https://jwch.fzu.edu.cn//info/1035/13759.htm,[]
231,实践科,关于举办福州大学第十一届桥梁设计大赛的通知,2024-12-30,https://jwch.fzu.edu.cn//info/1039/13834.htm,"[{'附件名': '【附件2：福州大学第十一届桥梁设计大赛报名表.doc】', '下载次数': 631, '链接码': '/system/_content/download.jsp?urltype=news.DownloadAttachUrl&owner=1744984858&wbfileid=15742381'}, {'附件名': '【附件3：福州大学第十一届桥梁设计大赛-竞赛细则.doc】', '下载次数': 924, '链接码': '/system/_content/download.jsp?urltype=news.DownloadAttachUrl&owner=1744984858&wbfileid=15742380'}]"
232,教学运行,关于2024-2025学年第一学期《概率论与数理统计》课程期末考试安排的通知,2024-12-04,https://jwch.fzu.edu.cn//info/1036/13780.htm,"[{'附件名': '【2401概率期末考-12.15下午.xlsx】', '下载次数': 587, '链接码': '/system/_content/download.jsp?urltype=news.DownloadAttachUrl&owner=1744984858&wbfileid=15640022'}]"
233,教研教改,关于开展2024年度教育部产学合作协同育人项目结题验收工作的通知,2024-11-05,https://jwch.fzu.edu.cn//info/1037/13743.htm,[]
234,教材中心,关于举办福州大学第五十八场“教学有道”研讨活动暨数字教材建设专题研讨会的通知,2024-11-11,https://jwch.fzu.edu.cn//info/1042/13749.htm,[]
235,质量办,关于制定学院本科教学督导工作管理实施办法的通知,2024-12-18,https://jwch.fzu.edu.cn//info/1040/13801.htm,"[{'附件名': '【附件1：福大教评24-3-福州大学关于印发本科教学督导工作管理实施办法的通知.pdf】', '下载次数': 916, '链接码': '/system/_content/download.jsp?urltype=news.DownloadAttachUrl&owner=1744984858&wbfileid=15646301'}, {'附件名': '【附件2：学院本科教学督导组名单.docx】', '下载次数': 645, '链接码': '/system/_content/download.jsp?urltype=news.DownloadAttachUrl&owner=1744984858&wbfileid=15646302'}]"
236,质量办,关于开学第一周集中听课的通知,2025-02-23,https://jwch.fzu.edu.cn//info/1040/13882.htm,"[{'附件名': '【附件1：福州大学课堂教学质量评估表.doc】', '下载次数': 413, '链接码': '/system/_content/download.jsp?urltype=news.DownloadAttachUrl&owner=1744984858&wbfileid=15761249'}, {'附件名': '【附件2：福州大学课堂教学质量评估表（思政课）.docx】', '下载次数': 364, '链接码': '/system/_content/download.jsp?urltype=news.DownloadAttachUrl&owner=1744984858&wbfileid=15761250'}, {'附件名': '【附件3：2024-2025学年第二学期第一周课表.xlsx】', '下载次数': 534, '链接码': '/system/_content/download.jsp?urltype=news.DownloadAttachUrl&owner=1744984858&wbfileid=15761251'}, {'附件名': '【附件4：福州大学党政领导听课管理实施办法（福大教〔2022〕27号）.doc】', '下载次数': 392, '链接码': '/system/_content/download.jsp?urltype=news.DownloadAttachUrl&owner=1744984858&wbfileid=15761252'}]"
237,质量办,关于举办2024年教师教学创新大赛培训会暨第五十七场“教学有道”研讨活动的通知,2024-10-21,https://jwch.fzu.edu.cn//info/1040/13728.htm,[]
238,实践科,关于做好2024年省级以上大学生创新训练计划项目和第三十期本科生科研训练计划项目中期检查工作的通知,2024-12-09,https://jwch.fzu.edu.cn//info/1039/13784.htm,"[{'附件名': '【附件.zip】', '下载次数': 1978, '链接码': '/system/_content/download.jsp?urltype=news.DownloadAttachUrl&owner=1744984858&wbfileid=15642560'}]"
239,实践科,关于举办第十五届全国大学生电子商务“三创赛”福州大学校赛的通知,2024-12-02,https://jwch.fzu.edu.cn//info/1039/13778.htm,"[{'附件名': '【附件：“三创赛”福州大学校赛附件.zip】', '下载次数': 820, '链接码': '/system/_content/download.jsp?urltype=news.DownloadAttachUrl&owner=1744984858&wbfileid=15639505'}]"
240,教学运行,关于做好2024学年本科生转专业工作的通知,2024-10-23,https://jwch.fzu.edu.cn//info/1036/13733.htm,[]
241,实践科,关于组织申报2024年高校双碳实践育人案例的通知,2024-11-28,https://jwch.fzu.edu.cn//info/1039/13772.htm,"[{'附件名': '【附件：中国高等教育学会碳中和与清洁能源教育专业委员会关于开展 2024 年高校双碳实践育人案例征集的通知.pdf】', '下载次数': 852, '链接码': '/system/_content/download.jsp?urltype=news.DownloadAttachUrl&owner=1744984858&wbfileid=15637409'}]"
242,计划科,关于2024-2025学年第一学期在校学生申请辅修专业的通知,2024-11-01,https://jwch.fzu.edu.cn//info/1038/13741.htm,[]
243,教学运行,关于2024-2025学年第一学期《工程制图E》课程期末考试安排的通知,2024-11-22,https://jwch.fzu.edu.cn//info/1036/13766.htm,"[{'附件名': '【2401制图E期末考-12.8上午.xlsx】', '下载次数': 571, '链接码': '/system/_content/download.jsp?urltype=news.DownloadAttachUrl&owner=1744984858&wbfileid=15635768'}]"
244,实践科,关于公布第十六届蓝桥杯全国软件和信息技术专业人才大赛福州大学选拔赛获省赛参赛资格名单的通知,2024-11-19,https://jwch.fzu.edu.cn//info/1039/13761.htm,"[{'附件名': '【附件1：获省赛参赛资格名单.docx】', '下载次数': 2573, '链接码': '/system/_content/download.jsp?urltype=news.DownloadAttachUrl&owner=1744984858&wbfileid=15572980'}]"
245,实践科,关于公布2024年福州大学第十八届本科生数学建模竞赛获奖名单的通知,2024-11-13,https://jwch.fzu.edu.cn//info/1039/13754.htm,"[{'附件名': '【附件1：2024年福州大学第十八届本科生数学建模竞赛获奖名单.xlsx】', '下载次数': 3444, '链接码': '/system/_content/download.jsp?urltype=news.DownloadAttachUrl&owner=1744984858&wbfileid=15571132'}]"
246,教学运行,关于公布2024学年各学院转专业实施细则的通知,2024-11-08,https://jwch.fzu.edu.cn//info/1036/13748.htm,"[{'附件名': '【2024各学院转专业细则.pdf】', '下载次数': 9088, '链接码': '/system/_content/download.jsp?urltype=news.DownloadAttachUrl&owner=1744984858&wbfileid=14924468'}]"
247,综合科,关于评选2024年优秀教学管理人员的通知,2024-12-12,https://jwch.fzu.edu.cn//content.jsp?urltype=news.NewsContentUrl&wbtreeid=1035&wbnewsid=13790,"[{'附件名': '【附件2-福州大学2024年优秀教学管理人员申报表.doc】', '下载次数': 222, '链接码': '/system/_content/download.jsp?urltype=news.DownloadAttachUrl&owner=1744984858&wbfileid=15643196'}, {'附件名': '【附件1-福大政21-47福州大学关于印发优秀教学管理人员评选办法的通知.pdf】', '下载次数': 236, '链接码': '/system/_content/download.jsp?urltype=news.DownloadAttachUrl&owner=1744984858&wbfileid=15643197'}]"
248,质量办,诚邀2019届毕业生参与培养目标达成和职业发展问卷调研,2024-10-15,https://jwch.fzu.edu.cn//info/1040/13721.htm,[]
249,教学运行,关于2024-2025学年第一学期《习近平新时代中国特色社会主义思想概论》课程期末考试安排的通知,2024-11-12,https://jwch.fzu.edu.cn//info/1036/13752.htm,"[{'附件名': '【2401习概随堂考.xlsx】', '下载次数': 694, '链接码': '/system/_content/download.jsp?urltype=news.DownloadAttachUrl&owner=1744984858&wbfileid=15565434'}]"
250,实践科,关于举办第十六届蓝桥杯全国软件和信息技术专业人才大赛福州大学选拔赛的通知,2024-10-15,https://jwch.fzu.edu.cn//info/1039/13720.htm,[]
251,教学运行,关于2024-2025学年第一学期《高等数学A（下）》课程期末考试安排的通知,2024-11-22,https://jwch.fzu.edu.cn//info/1036/13765.htm,"[{'附件名': '【2401高等数学A下期末考-12.1上午.xlsx】', '下载次数': 755, '链接码': '/system/_content/download.jsp?urltype=news.DownloadAttachUrl&owner=1744984858&wbfileid=15635767'}]"
252,质量办,关于举办福州大学第五十六场“教学有道”研讨活动的通知,2024-10-15,https://jwch.fzu.edu.cn//info/1040/13719.htm,[]
253,教学运行,关于填报课程学生出勤率信息的通知,2024-10-11,https://jwch.fzu.edu.cn//info/1036/13715.htm,[]
254,教材中心,关于做好2024-2025学年第二学期教材选用与征订工作的通知,2024-11-15,https://jwch.fzu.edu.cn//info/1042/13760.htm,"[{'附件名': '【附件1：已出版马克思主义理论研究和建设工程重点教材目录（截至2024年08月，共计117种）.xlsx】', '下载次数': 844, '链接码': '/system/_content/download.jsp?urltype=news.DownloadAttachUrl&owner=1744984858&wbfileid=15571692'}, {'附件名': '【附件2：全国大中专教学用书目录(2025春)(1).xlsx】', '下载次数': 921, '链接码': '/system/_content/download.jsp?urltype=news.DownloadAttachUrl&owner=1744984858&wbfileid=15571693'}]"
255,教材中心,关于进一步加强马克思主义理论研究和建设工程重点教材选用工作的通知,2024-10-21,https://jwch.fzu.edu.cn//content.jsp?urltype=news.NewsContentUrl&wbtreeid=1042&wbnewsid=13729,"[{'附件名': '【附件1：已出版马克思主义理论研究和建设工程重点教材目录（截至2024年05月）.xlsx】', '下载次数': 53, '链接码': '/system/_content/download.jsp?urltype=news.DownloadAttachUrl&owner=1744984858&wbfileid=14918680'}]"
256,教学运行,关于2024-2025学年第一学期《线性代数》和《线性代数与解析几何》课程半期考试安排的通知,2024-11-07,https://jwch.fzu.edu.cn//info/1036/13746.htm,"[{'附件名': '【2401线性代数、线性代数与解析几何半期考11.24上午.xlsx】', '下载次数': 792, '链接码': '/system/_content/download.jsp?urltype=news.DownloadAttachUrl&owner=1744984858&wbfileid=14923476'}]"
257,计划科,关于全校性通识教育选修课《爱课程：管理沟通》学习的重要提示,2024-10-14,https://jwch.fzu.edu.cn//info/1038/13717.htm,[]
258,教学运行,关于2024-2025学年第一学期《高等数学A（上）》、《高等数学B（上）》、《高等数学C（上）》、《高等数学D》课程半期考试安排的通知,2024-10-29,https://jwch.fzu.edu.cn//info/1036/13739.htm,"[{'附件名': '【2401高等数学A（上）、B（上）、C（上）、D半期考11.17上午.xlsx】', '下载次数': 1932, '链接码': '/system/_content/download.jsp?urltype=news.DownloadAttachUrl&owner=1744984858&wbfileid=14920804'}]"
259,教学运行,关于2024-2025学年第一学期《大学物理A（下）》、《大学物理B（下）》课程半期考试安排的通知,2024-10-18,https://jwch.fzu.edu.cn//info/1036/13725.htm,"[{'附件名': '【2401大物A（下）、B（下）半期考11.2上午.xlsx】', '下载次数': 834, '链接码': '/system/_content/download.jsp?urltype=news.DownloadAttachUrl&owner=1744984858&wbfileid=14918114'}]"
260,质量办,关于开展思政课教学专项检查的通知,2024-09-20,https://jwch.fzu.edu.cn//info/1040/13689.htm,[]
261,教学运行,关于2024-2025学年第一学期《马克思主义基本原理》和《毛泽东思想和中国特色社会主义理论体系概论》课程期末考试安排的通知,2024-12-03,https://jwch.fzu.edu.cn//info/1036/13779.htm,"[{'附件名': '【2401马原随堂考.xlsx】', '下载次数': 577, '链接码': '/system/_content/download.jsp?urltype=news.DownloadAttachUrl&owner=1744984858&wbfileid=15639802'}, {'附件名': '【2401毛概随堂考.xlsx】', '下载次数': 550, '链接码': '/system/_content/download.jsp?urltype=news.DownloadAttachUrl&owner=1744984858&wbfileid=15639803'}]"
262,计划科,关于公布《大学生国家安全教育》课程实施方案的通知,2024-09-23,https://jwch.fzu.edu.cn//info/1038/13692.htm,[]
263,教材中心,关于开展2025年拟出版本科教材审核工作的通知,2024-12-31,https://jwch.fzu.edu.cn//content.jsp?urltype=news.NewsContentUrl&wbtreeid=1042&wbnewsid=13840,"[{'附件名': '【附件4：福州大学本科教材校外编写人员政治审查表.docx】', '下载次数': 38, '链接码': '/system/_content/download.jsp?urltype=news.DownloadAttachUrl&owner=1744984858&wbfileid=15742686'}, {'附件名': '【附件3：福州大学本科教材编写人员政治审查表.docx】', '下载次数': 37, '链接码': '/system/_content/download.jsp?urltype=news.DownloadAttachUrl&owner=1744984858&wbfileid=15742685'}, {'附件名': '【附件1：福州大学教材管理实施细则.pdf】', '下载次数': 37, '链接码': '/system/_content/download.jsp?urltype=news.DownloadAttachUrl&owner=1744984858&wbfileid=15742681'}, {'附件名': '【附件2：福州大学本科教材编写人员汇总表.docx】', '下载次数': 41, '链接码': '/system/_content/download.jsp?urltype=news.DownloadAttachUrl&owner=1744984858&wbfileid=15742682'}, {'附件名': '【附件5：福州大学本科教材编写审核表.docx】', '下载次数': 40, '链接码': '/system/_content/download.jsp?urltype=news.DownloadAttachUrl&owner=1744984858&wbfileid=15742683'}]"
264,教学运行,关于组织2024级新生开展学籍信息自查工作的通知,2024-09-27,https://jwch.fzu.edu.cn//info/1036/13701.htm,[]
265,质量办,福州大学关于成立思政课教学指导组的通知,2024-09-20,https://jwch.fzu.edu.cn//info/1040/13687.htm,[]
266,教学运行,关于2024年国庆节放假课程调整的通知,2024-09-24,https://jwch.fzu.edu.cn//info/1036/13696.htm,[]
267,教学运行,关于2024-2025学年第一学期2024级体育理论教室安排的通知,2024-09-20,https://jwch.fzu.edu.cn//info/1036/13688.htm,[]
268,教材中心,关于举办福州大学第五十五场“教学有道”研讨活动的通知,2024-09-25,https://jwch.fzu.edu.cn//info/1042/13697.htm,[]
269,质量办,关于举办福州大学第五十四场“教学有道”研讨活动的通知,2024-09-14,https://jwch.fzu.edu.cn//info/1040/13683.htm,[]
270,质量办,关于2024年新上岗教师教学达标培训班教师配备导师的通知,2024-10-16,https://jwch.fzu.edu.cn//info/1040/13723.htm,"[{'附件名': '【附件：2024年福州大学新上岗教师达标培训班名单（配导师）.xlsx】', '下载次数': 1486, '链接码': '/system/_content/download.jsp?urltype=news.DownloadAttachUrl&owner=1744984858&wbfileid=14917430'}]"
271,教材中心,关于开展2024年本科数字教材建设立项工作的通知,2024-11-21,https://jwch.fzu.edu.cn//info/1042/13763.htm,"[{'附件名': '【附件1.福州大学本科数字教材建设立项申报表.docx】', '下载次数': 968, '链接码': '/system/_content/download.jsp?urltype=news.DownloadAttachUrl&owner=1744984858&wbfileid=15573426'}, {'附件名': '【附件2.福州大学本科数字教材建设立项申报汇总表.xls】', '下载次数': 586, '链接码': '/system/_content/download.jsp?urltype=news.DownloadAttachUrl&owner=1744984858&wbfileid=15573427'}, {'附件名': '【附件3.福州大学本科教材编写人员政治审查表.docx】', '下载次数': 660, '链接码': '/system/_content/download.jsp?urltype=news.DownloadAttachUrl&owner=1744984858&wbfileid=15573428'}]"
272,质量办,关于开展福州大学2024年教师教学创新大赛的通知,2024-09-29,https://jwch.fzu.edu.cn//info/1040/13703.htm,"[{'附件名': '【附件.rar】', '下载次数': 707, '链接码': '/system/_content/download.jsp?urltype=news.DownloadAttachUrl&owner=1744984858&wbfileid=14911304'}]"
273,计划科,关于2024-2025学年第一学期爱课程平台参加通识教育选修课学习的重要提示,2024-09-13,https://jwch.fzu.edu.cn//info/1038/13681.htm,[]
274,教学运行,关于2024年中秋节放假课程调整的通知,2024-09-11,https://jwch.fzu.edu.cn//info/1036/13675.htm,[]
275,教学运行,关于做好2024-2025学年第二学期排课准备工作的通知,2024-09-19,https://jwch.fzu.edu.cn//info/1036/13686.htm,[]
276,教学运行,关于2024-2025学年第一学期《概率论与数理统计》课程半期考试安排的通知,2024-10-12,https://jwch.fzu.edu.cn//info/1036/13716.htm,"[{'附件名': '【2401概率论半期考10.27下午.xlsx】', '下载次数': 614, '链接码': '/system/_content/download.jsp?urltype=news.DownloadAttachUrl&owner=1744984858&wbfileid=14914281'}]"
277,教材中心,关于开展本科教材工作自查的通知,2024-12-25,https://jwch.fzu.edu.cn//content.jsp?urltype=news.NewsContentUrl&wbtreeid=1042&wbnewsid=13819,"[{'附件名': '【附件1：福州大学本科教材工作自查表.docx】', '下载次数': 189, '链接码': '/system/_content/download.jsp?urltype=news.DownloadAttachUrl&owner=1744984858&wbfileid=15647312'}, {'附件名': '【附件2：福州大学本校教师自编教材情况汇总表.xlsx】', '下载次数': 107, '链接码': '/system/_content/download.jsp?urltype=news.DownloadAttachUrl&owner=1744984858&wbfileid=15647375'}, {'附件名': '【附件3：福州大学本科教材编写人员审核表.docx】', '下载次数': 134, '链接码': '/system/_content/download.jsp?urltype=news.DownloadAttachUrl&owner=1744984858&wbfileid=15647311'}, {'附件名': '【附件4：福州大学本科教材编写审核表.docx】', '下载次数': 135, '链接码': '/system/_content/download.jsp?urltype=news.DownloadAttachUrl&owner=1744984858&wbfileid=15647314'}, {'附件名': '【附件5：《普通高等学校教材管理办法》等文件.rar】', '下载次数': 85, '链接码': '/system/_content/download.jsp?urltype=news.DownloadAttachUrl&owner=1744984858&wbfileid=15647315'}]"
278,计划科,关于组织2024级学生参加《大学生国家安全教育》课程学习的通知,2024-09-23,https://jwch.fzu.edu.cn//info/1038/13693.htm,"[{'附件名': '【超星尔雅使用手册（学生版）.pdf】', '下载次数': 5215, '链接码': '/system/_content/download.jsp?urltype=news.DownloadAttachUrl&owner=1744984858&wbfileid=14909664'}]"
279,教学运行,关于2024-2025学年第一学期重新学习选课、缴费的通知,2024-09-09,https://jwch.fzu.edu.cn//info/1036/13671.htm,[]
280,计划科,关于通识教育选修课《国际化拔尖创新人才科研训练》宣讲会及选课的通知,2024-09-23,https://jwch.fzu.edu.cn//info/1038/13695.htm,"[{'附件名': '【2024年秋季国际化拔尖创新人才科研训练具体课程清单.xlsx】', '下载次数': 2359, '链接码': '/system/_content/download.jsp?urltype=news.DownloadAttachUrl&owner=1744984858&wbfileid=14909706'}]"
281,综合科,关于2024-2025学年第一学期本科生学生证和火车票优惠区间更改的通知,2024-09-04,https://jwch.fzu.edu.cn//info/1035/13654.htm,[]
282,计划科,关于公布2024-2025学年第一学期通选课取消开课名单的通知,2024-09-02,https://jwch.fzu.edu.cn//info/1038/13650.htm,[]
283,综合科,关于召开2024-2025学年秋季学期期初本科教育教学工作会议的通知,2024-09-06,https://jwch.fzu.edu.cn//content.jsp?urltype=news.NewsContentUrl&wbtreeid=1035&wbnewsid=13666,[]
284,综合科,关于召开2024年宁夏大学、银川能源学院本科生赴福州大学访学见面交流会的通知,2024-09-02,https://jwch.fzu.edu.cn//info/1035/13651.htm,[]
285,综合科,关于购买优惠火车票相关事宜的通知,2024-08-30,https://jwch.fzu.edu.cn//info/1035/13646.htm,[]
286,综合科,关于2024级本科生（含访学学生）学生证信息采集的通知,2024-09-02,https://jwch.fzu.edu.cn//info/1035/13648.htm,[]
287,教研教改,福州大学关于开展2024级“嘉锡化学拔尖班”招生工作的通知,2024-08-30,https://jwch.fzu.edu.cn//info/1037/13643.htm,[]
288,实践科,关于2024年高校教学基本状态数据库教学相关数据报送的通知,2024-09-29,https://jwch.fzu.edu.cn//info/1039/13704.htm,"[{'附件名': '【2024年本科教学相关数据报送表格.zip】', '下载次数': 861, '链接码': '/system/_content/download.jsp?urltype=news.DownloadAttachUrl&owner=1744984858&wbfileid=14911306'}]"
289,教学运行,关于2024-2025学年第一学期《高等数学A（下）》课程半期考试安排的通知,2024-09-30,https://jwch.fzu.edu.cn//info/1036/13705.htm,"[{'附件名': '【2401高等数学A（下）半期考10.13上午.xlsx】', '下载次数': 772, '链接码': '/system/_content/download.jsp?urltype=news.DownloadAttachUrl&owner=1744984858&wbfileid=14911585'}]"
290,教材中心,关于2024级新生领取课程教材的通知,2024-09-04,https://jwch.fzu.edu.cn//info/1042/13658.htm,[]
291,教学运行,关于2024-2025-01体育理论教室安排（2023级）的通知,2024-09-06,https://jwch.fzu.edu.cn//info/1036/13665.htm,[]
292,实践科,关于做好2023-2024学年度本科毕业论文（设计）抽检工作的通知,2024-09-05,https://jwch.fzu.edu.cn//info/1039/13662.htm,"[{'附件名': '【附件1：专家信息汇总表.xlsx】', '下载次数': 820, '链接码': '/system/_content/download.jsp?urltype=news.DownloadAttachUrl&owner=1744984858&wbfileid=14904997'}]"
293,教学运行,关于做好2025届预计毕业生电子注册图像采集工作的通知,2024-10-21,https://jwch.fzu.edu.cn//info/1036/13727.htm,"[{'附件名': '【附件3：获得图像采集码途径.pdf】', '下载次数': 1220, '链接码': '/system/_content/download.jsp?urltype=news.DownloadAttachUrl&owner=1744984858&wbfileid=14918535'}, {'附件名': '【附件2：各学院分班拍照顺序.pdf】', '下载次数': 1258, '链接码': '/system/_content/download.jsp?urltype=news.DownloadAttachUrl&owner=1744984858&wbfileid=14918534'}, {'附件名': '【附件1：拍照地点示意图.pdf】', '下载次数': 933, '链接码': '/system/_content/download.jsp?urltype=news.DownloadAttachUrl&owner=1744984858&wbfileid=14918533'}]"
294,教学运行,关于2024-2025学年第一学期辅修专业补退选、缴费的通知,2024-08-26,https://jwch.fzu.edu.cn//info/1036/13639.htm,[]
295,质量办,关于开展申请类督导听课工作的通知,2024-09-05,https://jwch.fzu.edu.cn//info/1040/13661.htm,"[{'附件名': '【附件：2024年秋季学期申请类督导听课汇总表.docx】', '下载次数': 632, '链接码': '/system/_content/download.jsp?urltype=news.DownloadAttachUrl&owner=1744984858&wbfileid=14904857'}]"
296,教学运行,关于2024-2025学年第一学期学期选课补退选的通知,2024-08-25,https://jwch.fzu.edu.cn//info/1036/13634.htm,[]
297,教学运行,福州大学关于印发《福州大学本科生转专业管理实施办法》的通知,2024-08-01,https://jwch.fzu.edu.cn//info/1036/13629.htm,[]
298,实践科,关于公布第十三届大学生软件设计与服务外包创新创业竞赛获奖名单的通知,2024-07-06,https://jwch.fzu.edu.cn//info/1039/13617.htm,[]
299,综合科,教务处关于2024年暑假用印安排的通知,2024-07-06,https://jwch.fzu.edu.cn//content.jsp?urltype=news.NewsContentUrl&wbtreeid=1035&wbnewsid=13626,[]
300,教研教改,福州大学关于公布第八届 远志创业实验班学生名单的通知,2024-07-01,https://jwch.fzu.edu.cn//info/1037/13602.htm,[]
301,综合科,友情提示,2024-06-29,https://jwch.fzu.edu.cn//info/1035/13592.htm,[]
302,质量办,关于期中党政领导集中听课的通知,2024-10-28,https://jwch.fzu.edu.cn//info/1040/13738.htm,"[{'附件名': '【附件1：福州大学课堂教学质量评估表.doc】', '下载次数': 508, '链接码': '/system/_content/download.jsp?urltype=news.DownloadAttachUrl&owner=1744984858&wbfileid=14920325'}, {'附件名': '【附件2：福州大学课堂教学质量评估表（思政课）.docx】', '下载次数': 530, '链接码': '/system/_content/download.jsp?urltype=news.DownloadAttachUrl&owner=1744984858&wbfileid=14920326'}, {'附件名': '【附件3：第10-11周课表.xlsx】', '下载次数': 776, '链接码': '/system/_content/download.jsp?urltype=news.DownloadAttachUrl&owner=1744984858&wbfileid=14920327'}, {'附件名': '【附件4：福州大学党政领导听课管理实施办法（福大教〔2022〕27号）.doc】', '下载次数': 516, '链接码': '/system/_content/download.jsp?urltype=news.DownloadAttachUrl&owner=1744984858&wbfileid=14920328'}]"
303,教学运行,关于2024-2025学年第一学期辅修专业选课的通知,2024-07-01,https://jwch.fzu.edu.cn//info/1036/13601.htm,[]
304,质量办,关于每学期开展常态化课程考核教学档案检查的通知,2024-09-14,https://jwch.fzu.edu.cn//info/1040/13682.htm,"[{'附件名': '【附件1：福州大学本科课程考核教学档案检查要点.docx】', '下载次数': 858, '链接码': '/system/_content/download.jsp?urltype=news.DownloadAttachUrl&owner=1744984858&wbfileid=14908056'}, {'附件名': '【附件2：福州大学本科课程考核教学档案检查评价与整改情况反馈表.docx】', '下载次数': 696, '链接码': '/system/_content/download.jsp?urltype=news.DownloadAttachUrl&owner=1744984858&wbfileid=14908057'}]"
305,教学运行,关于做好期末复习考试及下学期开学等工作的通知,2024-06-26,https://jwch.fzu.edu.cn//info/1036/13585.htm,[]
306,实践科,关于公布第十五届企业经营模拟沙盘对抗赛获奖名单的通知,2024-06-26,https://jwch.fzu.edu.cn//info/1039/13583.htm,[]
307,实践科,关于公布2024年第二十四届数学竞赛获奖名单的通知,2024-06-26,https://jwch.fzu.edu.cn//info/1039/13584.htm,[]
308,教材中心,关于召开数字教材建设研讨会的通知,2024-06-25,https://jwch.fzu.edu.cn//info/1042/13582.htm,[]
309,实践科,关于公布第二十八、二十九期本科生科研训练计划项目结题成绩的通知,2024-09-11,https://jwch.fzu.edu.cn//info/1039/13677.htm,"[{'附件名': '【附件2：福州大学第二十九期本科生科研训练计划项目结题成绩汇总表.doc】', '下载次数': 3948, '链接码': '/system/_content/download.jsp?urltype=news.DownloadAttachUrl&owner=1744984858&wbfileid=14907355'}, {'附件名': '【附件1：福州大学第二十八期本科生科研训练计划项目结题成绩汇总表.xls】', '下载次数': 2086, '链接码': '/system/_content/download.jsp?urltype=news.DownloadAttachUrl&owner=1744984858&wbfileid=14907034'}]"
310,教研教改,关于组织教师和学生参加人工智能赋能高等教育调查报告全国抽样调查问卷的通知,2024-06-21,https://jwch.fzu.edu.cn//info/1037/13579.htm,[]
311,实践科,关于转发《关于举办2024年福建省大学生人工智能创意赛暨昇腾AI创新大赛的通知》的通知,2024-07-10,https://jwch.fzu.edu.cn//info/1039/13628.htm,"[{'附件名': '【附件：关于举办2024年福建省大学生人工智能创意赛暨昇腾AI创新大赛的通知.pdf】', '下载次数': 1435, '链接码': '/system/_content/download.jsp?urltype=news.DownloadAttachUrl&owner=1744984858&wbfileid=14895469'}]"
312,实践科,关于公布省级以上大学生创新创业训练计划项目结题成绩的通知,2024-09-11,https://jwch.fzu.edu.cn//info/1039/13676.htm,"[{'附件名': '【附件1：福州大学2022年国家、省级大学生创新创业训练计划项目结题成绩汇总表.xls】', '下载次数': 1480, '链接码': '/system/_content/download.jsp?urltype=news.DownloadAttachUrl&owner=1744984858&wbfileid=14907032'}, {'附件名': '【附件2：福州大学2023年国家、省级大学生创新创业训练计划项目结题成绩汇总表.doc】', '下载次数': 2399, '链接码': '/system/_content/download.jsp?urltype=news.DownloadAttachUrl&owner=1744984858&wbfileid=14907033'}]"
313,计划科,关于核对2024-2025学年第一学期通识教育选修课开课信息的有关通知,2024-06-25,https://jwch.fzu.edu.cn//info/1038/13581.htm,[]
314,教研教改,福州大学关于开展2024级“数理综合班”招生工作的通知,2024-08-30,https://jwch.fzu.edu.cn//info/1037/13642.htm,"[{'附件名': '【附件1：福州大学2024级“数理综合班”招生简章.doc】', '下载次数': 2906, '链接码': '/system/_content/download.jsp?urltype=news.DownloadAttachUrl&owner=1744984858&wbfileid=14903271'}, {'附件名': '【附件2：承诺书.doc】', '下载次数': 947, '链接码': '/system/_content/download.jsp?urltype=news.DownloadAttachUrl&owner=1744984858&wbfileid=14903272'}]"
315,教材中心,关于申请试用高等教育出版社“云创”数字教材创作编写平台的通知,2024-09-13,https://jwch.fzu.edu.cn//content.jsp?urltype=news.NewsContentUrl&wbtreeid=1042&wbnewsid=13680,"[{'附件名': '【数字平台介绍-7.pdf】', '下载次数': 369, '链接码': '/system/_content/download.jsp?urltype=news.DownloadAttachUrl&owner=1744984858&wbfileid=14907708'}, {'附件名': '【校级管理员+申请创建数字教材流程（新版0612）.pdf】', '下载次数': 68, '链接码': '/system/_content/download.jsp?urltype=news.DownloadAttachUrl&owner=1744984858&wbfileid=14907710'}, {'附件名': '【高教社云创使用手册.pdf】', '下载次数': 953, '链接码': '/system/_content/download.jsp?urltype=news.DownloadAttachUrl&owner=1744984858&wbfileid=14907709'}]"
316,实践科,关于公布福州大学2024届本科生优秀毕业设计（论文）名单的通知,2024-07-06,https://jwch.fzu.edu.cn//info/1039/13616.htm,"[{'附件名': '【附件：福州大学2024届优秀本科生毕业设计（论文）名单.doc】', '下载次数': 4147, '链接码': '/system/_content/download.jsp?urltype=news.DownloadAttachUrl&owner=1744984858&wbfileid=14638795'}]"
317,教研教改,关于转发福建省教育厅办公室《关于举办2024年本科高校课程思政骨干教师、研究生导师培训班的通知》的通知,2024-06-21,https://jwch.fzu.edu.cn//info/1037/13580.htm,[]
318,教学运行,关于2024-2025学年第一学期本科生学期选课的通知,2024-06-17,https://jwch.fzu.edu.cn//info/1036/13569.htm,[]
319,实践科,关于举办2024年福州大学大学生工程实践与创新能力大赛暨2024年福建省大学生工程实践与创新能力大赛福州大学分区赛的通知,2024-09-27,https://jwch.fzu.edu.cn//info/1039/13700.htm,"[{'附件名': '【附件1：组委会成员名单.docx】', '下载次数': 959, '链接码': '/system/_content/download.jsp?urltype=news.DownloadAttachUrl&owner=1744984858&wbfileid=14910724'}, {'附件名': '【附件2：报名表.docx】', '下载次数': 997, '链接码': '/system/_content/download.jsp?urltype=news.DownloadAttachUrl&owner=1744984858&wbfileid=14910719'}, {'附件名': '【附件3：命题与运行.docx】', '下载次数': 1686, '链接码': '/system/_content/download.jsp?urltype=news.DownloadAttachUrl&owner=1744984858&wbfileid=14910725'}]"
320,教学运行,关于2023-2024学年第二学期《大学物理A（上）》、《大学物理B（上）》、《大学物理C》课程期末考试安排的通知,2024-06-21,https://jwch.fzu.edu.cn//info/1036/13578.htm,"[{'附件名': '【2302 大学物理A（上）、B（上）、C课期末考7.4.xlsx】', '下载次数': 810, '链接码': '/system/_content/download.jsp?urltype=news.DownloadAttachUrl&owner=1744984858&wbfileid=14625019'}]"
321,质量办,关于开展2024年工程教育认证研讨培训的通知,2024-08-02,https://jwch.fzu.edu.cn//info/1040/13630.htm,"[{'附件名': '【附件1：关于组织2024年工程教育认证研讨培训的通告.docx】', '下载次数': 715, '链接码': '/system/_content/download.jsp?urltype=news.DownloadAttachUrl&owner=1744984858&wbfileid=14898472'}, {'附件名': '【附件2：2024年工程教育认证研讨培训报名回执.docx】', '下载次数': 555, '链接码': '/system/_content/download.jsp?urltype=news.DownloadAttachUrl&owner=1744984858&wbfileid=14898473'}]"
322,教研教改,关于组织申报福建省新文科教育研究中心第二批高校新文科建设优秀案例的通知,2024-06-05,https://jwch.fzu.edu.cn//info/1037/13555.htm,[]
323,质量办,关于举办福州大学第五十三场“教学有道” 研讨活动的通知,2024-06-05,https://jwch.fzu.edu.cn//info/1040/13547.htm,[]
324,教学运行,关于做好2024年9月退役复学学生转专业的通知,2024-09-02,https://jwch.fzu.edu.cn//info/1036/13649.htm,"[{'附件名': '【福州大学本科生转专业管理实施办法.doc】', '下载次数': 901, '链接码': '/system/_content/download.jsp?urltype=news.DownloadAttachUrl&owner=1744984858&wbfileid=14903737'}, {'附件名': '【福州大学参军退伍复学后学生转专业审批表.doc】', '下载次数': 727, '链接码': '/system/_content/download.jsp?urltype=news.DownloadAttachUrl&owner=1744984858&wbfileid=14903736'}]"
325,教研教改,福州大学关于公布2022级数理金融 实验班学生主辅修专业及导师名单的通知,2024-06-05,https://jwch.fzu.edu.cn//info/1037/13553.htm,[]
326,教学运行,关于2023-2024学年第二学期《大学英语（二）》、《大学英语（四）》课程期末考试安排的通知,2024-06-20,https://jwch.fzu.edu.cn//info/1036/13577.htm,"[{'附件名': '【2302 大学英语（二）、大学英语（四）课程期末考6.22上午.xlsx】', '下载次数': 737, '链接码': '/system/_content/download.jsp?urltype=news.DownloadAttachUrl&owner=1744984858&wbfileid=14624676'}]"
327,计划科,关于2024-2025学年第一学期港澳台侨学生思政课和军事课程退选替代的通知,2024-08-25,https://jwch.fzu.edu.cn//info/1038/13637.htm,"[{'附件名': '【2024-2025学年第一学期国情课列表.docx】', '下载次数': 1226, '链接码': '/system/_content/download.jsp?urltype=news.DownloadAttachUrl&owner=1744984858&wbfileid=14901557'}, {'附件名': '【港澳台侨学生思政课和军事课程退选申请表.docx】', '下载次数': 957, '链接码': '/system/_content/download.jsp?urltype=news.DownloadAttachUrl&owner=1744984858&wbfileid=14901556'}]"
328,教学运行,关于2023-2024学年第二学期《工程制图A（下）》、《工程制图D》、《工程制图F》课程期末考试安排的通知,2024-06-19,https://jwch.fzu.edu.cn//info/1036/13574.htm,"[{'附件名': '【2302 工程制图A（下）、D、F期末考6.30上午.xlsx】', '下载次数': 717, '链接码': '/system/_content/download.jsp?urltype=news.DownloadAttachUrl&owner=1744984858&wbfileid=14624501'}]"
329,教研教改,福州大学关于公布2022级数理综合班 专业分流学生名单及学科导师名单的通知,2024-06-05,https://jwch.fzu.edu.cn//info/1037/13554.htm,[]
330,计划科,关于2024-2025学年第一学期修读辅修专业学生名单的公示,2024-06-05,https://jwch.fzu.edu.cn//info/1038/13548.htm,[]
331,实践科,关于转发《关于举办第十四届海峡两岸信息服务创新大赛暨福建省第十八届计算机软件设计大赛的通知》的通知,2024-06-11,https://jwch.fzu.edu.cn//info/1039/13560.htm,"[{'附件名': '【闽工信联软件〔2024〕41号福建省工业和信息化厅等八部门关于举办第十四届海峡两岸信息服务创新大赛暨福建省第十八届计算机软件设计大赛的通知.pdf】', '下载次数': 1009, '链接码': '/system/_content/download.jsp?urltype=news.DownloadAttachUrl&owner=1744984858&wbfileid=14622014'}]"
332,教学运行,关于2024年端午放假课程调整的通知,2024-05-30,https://jwch.fzu.edu.cn//info/1036/13536.htm,[]
333,教学运行,关于2023-2024学年第二学期《英语专题》课程期末考试安排的通知,2024-06-20,https://jwch.fzu.edu.cn//info/1036/13576.htm,"[{'附件名': '【2302 英语专题课期末考6.29.xlsx】', '下载次数': 789, '链接码': '/system/_content/download.jsp?urltype=news.DownloadAttachUrl&owner=1744984858&wbfileid=14624645'}]"
334,教学运行,关于2025届预计毕业生核对电子注册学历信息的通知,2024-05-15,https://jwch.fzu.edu.cn//info/1036/13497.htm,[]
335,教学运行,关于2023-2024学年第二学期《大学英语（三）》课程期末考试安排的通知,2024-06-17,https://jwch.fzu.edu.cn//info/1036/13568.htm,"[{'附件名': '【2302 大学英语（三）期末考 6.23上午.xlsx】', '下载次数': 814, '链接码': '/system/_content/download.jsp?urltype=news.DownloadAttachUrl&owner=1744984858&wbfileid=14623875'}]"
336,教材中心,关于举办福州大学第五十二场“教学有道” 研讨活动的通知,2024-05-09,https://jwch.fzu.edu.cn//info/1042/13477.htm,[]
337,计划科,关于2024-2025学年第一学期通识教育选修课选课的通知,2024-08-25,https://jwch.fzu.edu.cn//info/1038/13636.htm,"[{'附件名': '【超星尔雅使用手册（学生版）.pdf】', '下载次数': 3326, '链接码': '/system/_content/download.jsp?urltype=news.DownloadAttachUrl&owner=1744984858&wbfileid=14901547'}, {'附件名': '【智慧树学生手册.pptx】', '下载次数': 1749, '链接码': '/system/_content/download.jsp?urltype=news.DownloadAttachUrl&owner=1744984858&wbfileid=14901550'}, {'附件名': '【慕课堂学生操作手册.pdf】', '下载次数': 4888, '链接码': '/system/_content/download.jsp?urltype=news.DownloadAttachUrl&owner=1744984858&wbfileid=14901548'}]"
338,教学运行,关于2023-2024学年第二学期《毛泽东思想和中国特色社会主义理论体系概论》课程期末考试安排的通知,2024-06-04,https://jwch.fzu.edu.cn//info/1036/13544.htm,"[{'附件名': '【2302 毛泽东思想和中国特色社会主义理论体系概论  期末考.xlsx】', '下载次数': 719, '链接码': '/system/_content/download.jsp?urltype=news.DownloadAttachUrl&owner=1744984858&wbfileid=14620410'}]"
339,实践科,关于公布第十届桥梁设计大赛获奖名单的通知,2024-05-11,https://jwch.fzu.edu.cn//info/1039/13481.htm,[]
340,教学运行,关于2023-2024学年第二学期《马克思主义基本原理》课程期末考试安排的通知,2024-06-04,https://jwch.fzu.edu.cn//info/1036/13545.htm,"[{'附件名': '【2302  马克思主义基本原理 期末考试.xlsx】', '下载次数': 738, '链接码': '/system/_content/download.jsp?urltype=news.DownloadAttachUrl&owner=1744984858&wbfileid=14620411'}]"
341,实践科,关于做好第二十八期、二十九期本科生科研训练计划项目结题工作的通知,2024-05-10,https://jwch.fzu.edu.cn//info/1039/13478.htm,[]
342,教学运行,关于2023-2024学年第二学期《工程制图（C）》课程期末考试安排的通知,2024-05-29,https://jwch.fzu.edu.cn//info/1036/13533.htm,"[{'附件名': '【2302 工程制图C（下）期末考试 6.16下午.xlsx】', '下载次数': 640, '链接码': '/system/_content/download.jsp?urltype=news.DownloadAttachUrl&owner=1744984858&wbfileid=14618057'}]"
343,实践科,关于转发组织申报福建省高等教育学会2024年度高等教育科学研究实验室研究专项课题的通知,2024-06-14,https://jwch.fzu.edu.cn//info/1039/13565.htm,"[{'附件名': '【附件1：关于组织申报福建高等教育学会2024年度高等教育科学研究实验室研究专项课题的通知（闽高会[2024]1号）.pdf】', '下载次数': 756, '链接码': '/system/_content/download.jsp?urltype=news.DownloadAttachUrl&owner=1744984858&wbfileid=14623545'}, {'附件名': '【附件2：申报材料.zip】', '下载次数': 629, '链接码': '/system/_content/download.jsp?urltype=news.DownloadAttachUrl&owner=1744984858&wbfileid=14623544'}]"
344,教学运行,关于2023-2024学年第二学期《概率论与数理统计》课程期末考试安排的通知,2024-05-27,https://jwch.fzu.edu.cn//info/1036/13531.htm,"[{'附件名': '【2302 概率期末考 6.2下午.xlsx】', '下载次数': 715, '链接码': '/system/_content/download.jsp?urltype=news.DownloadAttachUrl&owner=1744984858&wbfileid=14615348'}]"
345,计划科,关于组织申报2024-2025学年第一学期通识教育选修课的通知,2024-05-06,https://jwch.fzu.edu.cn//info/1038/13472.htm,[]
346,综合科,关于2023-2024学年第二学期再次开放本科生学生证和火车票优惠卡补办及火车票优惠卡更改区间的通知,2024-05-08,https://jwch.fzu.edu.cn//info/1035/13475.htm,[]
347,计划科,2023-2024学年第二学期在校学生申请辅修专业的通知,2024-05-07,https://jwch.fzu.edu.cn//info/1038/13473.htm,[]
348,教研教改,福州大学关于开展2024级“数智实验班” 招生工作的通知,2024-08-30,https://jwch.fzu.edu.cn//info/1037/13647.htm,"[{'附件名': '【附件1：福州大学2024级“数智实验班”招生简章.docx】', '下载次数': 4002, '链接码': '/system/_content/download.jsp?urltype=news.DownloadAttachUrl&owner=1744984858&wbfileid=14903339'}, {'附件名': '【附件3：承诺书.docx】', '下载次数': 1174, '链接码': '/system/_content/download.jsp?urltype=news.DownloadAttachUrl&owner=1744984858&wbfileid=14903338'}, {'附件名': '【附件2：福州大学2024级“数智实验班”选拔方案.docx】', '下载次数': 3273, '链接码': '/system/_content/download.jsp?urltype=news.DownloadAttachUrl&owner=1744984858&wbfileid=14903337'}]"
349,教研教改,福州大学关于开展2024级“数理金融实验班”招生工作的通知,2024-08-30,https://jwch.fzu.edu.cn//info/1037/13641.htm,"[{'附件名': '【附件2：福州大学2024级“数理金融实验班”选拔方案.doc】', '下载次数': 2064, '链接码': '/system/_content/download.jsp?urltype=news.DownloadAttachUrl&owner=1744984858&wbfileid=14903267'}, {'附件名': '【附件1：福州大学2024级“数理金融实验班“招生简章.doc】', '下载次数': 2170, '链接码': '/system/_content/download.jsp?urltype=news.DownloadAttachUrl&owner=1744984858&wbfileid=14903268'}, {'附件名': '【附件4：承诺书.doc】', '下载次数': 716, '链接码': '/system/_content/download.jsp?urltype=news.DownloadAttachUrl&owner=1744984858&wbfileid=14903270'}, {'附件名': '【附件3：2024级数理金融实验班申请表.doc】', '下载次数': 842, '链接码': '/system/_content/download.jsp?urltype=news.DownloadAttachUrl&owner=1744984858&wbfileid=14903269'}]"
350,教学运行,关于2023-2024学年第二学期《思想道德与法治》课程期末考试安排的通知,2024-05-29,https://jwch.fzu.edu.cn//info/1036/13532.htm,"[{'附件名': '【2302 德法 期末考.xlsx】', '下载次数': 689, '链接码': '/system/_content/download.jsp?urltype=news.DownloadAttachUrl&owner=1744984858&wbfileid=14618055'}]"
351,教学运行,关于2023-2024学年第二学期《线性代数》课程期末考试安排的通知,2024-05-24,https://jwch.fzu.edu.cn//info/1036/13529.htm,"[{'附件名': '【2302 线性代数期末考 6.2下午.xlsx】', '下载次数': 768, '链接码': '/system/_content/download.jsp?urltype=news.DownloadAttachUrl&owner=1744984858&wbfileid=14613663'}]"
352,教材中心,关于做好2024-2025学年第一学期教材选用及征订工作的通知（更新）,2024-06-04,https://jwch.fzu.edu.cn//info/1042/13546.htm,"[{'附件名': '【附件1：已出版马克思主义理论研究和建设工程重点教材目录（截至2024年05月，共计116种）.xlsx】', '下载次数': 953, '链接码': '/system/_content/download.jsp?urltype=news.DownloadAttachUrl&owner=1744984858&wbfileid=14620416'}, {'附件名': '【附件2：全国大中专教学用书目录(2024秋季).xlsx】', '下载次数': 1085, '链接码': '/system/_content/download.jsp?urltype=news.DownloadAttachUrl&owner=1744984858&wbfileid=14620417'}]"
353,教学运行,关于2023-2024学年第二学期计算机语言类课程期末考试安排的通知,2024-05-15,https://jwch.fzu.edu.cn//info/1036/13491.htm,"[{'附件名': '【2302计算机语言课期末考试6.1.xlsx】', '下载次数': 876, '链接码': '/system/_content/download.jsp?urltype=news.DownloadAttachUrl&owner=1744984858&wbfileid=14611191'}]"
354,实践科,关于公布2024年本科生创新创业实践与素质拓展学分认定结果的通知,2024-05-22,https://jwch.fzu.edu.cn//info/1039/13525.htm,"[{'附件名': '【附件：福州大学本科生创新创业实践与素质拓展学分认定汇总表.doc】', '下载次数': 2837, '链接码': '/system/_content/download.jsp?urltype=news.DownloadAttachUrl&owner=1744984858&wbfileid=14613260'}]"
355,实践科,关于做好国家、省级大学生创新创业训练计划项目结题工作的通知,2024-05-10,https://jwch.fzu.edu.cn//info/1039/13479.htm,"[{'附件名': '【国创省创结题附件.zip】', '下载次数': 1319, '链接码': '/system/_content/download.jsp?urltype=news.DownloadAttachUrl&owner=1744984858&wbfileid=14608195'}]"
356,实践科,关于公布第四届福州大学大学生先进成图技术与产品信息建模创新大赛获奖名单的通知,2024-04-30,https://jwch.fzu.edu.cn//info/1039/13470.htm,[]
357,实践科,福州大学关于公布第二十一届程序设计竞赛获奖名单的通知,2024-04-30,https://jwch.fzu.edu.cn//info/1039/13469.htm,[]
358,教学运行,关于2023-2024学年第二学期《中国近现代史纲要》课程期末考试安排的通知,2024-05-24,https://jwch.fzu.edu.cn//info/1036/13530.htm,"[{'附件名': '【2302 近现代 期末考试.xlsx】', '下载次数': 894, '链接码': '/system/_content/download.jsp?urltype=news.DownloadAttachUrl&owner=1744984858&wbfileid=14613665'}]"
359,教学运行,关于2024年五一劳动节放假课程调整的通知,2024-04-26,https://jwch.fzu.edu.cn//info/1036/13409.htm,[]
360,质量办,关于举办福州大学第五十场“教学有道”  研讨活动的通知,2024-04-24,https://jwch.fzu.edu.cn//info/1040/13408.htm,[]
361,教学运行,关于2023-2024学年第二学期《高等数学A（中）》、《高等数学B（下）》、《高等数学C（下）》课程期末考试安排的通知,2024-06-12,https://jwch.fzu.edu.cn//info/1036/13563.htm,"[{'附件名': '【2302高等数学B（下）期末考 6.23下午.xlsx】', '下载次数': 817, '链接码': '/system/_content/download.jsp?urltype=news.DownloadAttachUrl&owner=1744984858&wbfileid=14622718'}, {'附件名': '【2302 高等数学C（下）期末考 6.23下午.xlsx】', '下载次数': 677, '链接码': '/system/_content/download.jsp?urltype=news.DownloadAttachUrl&owner=1744984858&wbfileid=14622717'}, {'附件名': '【2302 高等数学A（中）期末考 6.23下午.xlsx】', '下载次数': 717, '链接码': '/system/_content/download.jsp?urltype=news.DownloadAttachUrl&owner=1744984858&wbfileid=14622719'}]"
362,实践科,福州大学关于公布第八届网络信息安全竞赛获奖名单的通知,2024-04-22,https://jwch.fzu.edu.cn//info/1039/13403.htm,[]
363,实践科,关于公布福州大学第十四届大学生节能减排社会实践与科技竞赛暨第十届材料创新、设计及应用竞赛获奖名单的通知,2024-04-26,https://jwch.fzu.edu.cn//info/1039/13413.htm,[]
364,实践科,关于对2024届本科毕业设计（论文）试行AIGC检测的通知,2024-04-28,https://jwch.fzu.edu.cn//content.jsp?urltype=news.NewsContentUrl&wbtreeid=1039&wbnewsid=13415,[]
365,教学运行,关于2023-2024-02学期体育理论课安排的通知,2024-04-24,https://jwch.fzu.edu.cn//info/1036/13406.htm,[]
366,质量办,关于开学第一周集中听课的通知,2024-08-25,https://jwch.fzu.edu.cn//info/1040/13635.htm,"[{'附件名': '【附件1：福州大学课堂教学质量评估表.doc】', '下载次数': 648, '链接码': '/system/_content/download.jsp?urltype=news.DownloadAttachUrl&owner=1744984858&wbfileid=14901500'}, {'附件名': '【附件2：高校思政课教学指导组听课评价表.doc】', '下载次数': 652, '链接码': '/system/_content/download.jsp?urltype=news.DownloadAttachUrl&owner=1744984858&wbfileid=14901501'}, {'附件名': '【附件3：2024-2025学年第一学期第一周课表.xlsx】', '下载次数': 787, '链接码': '/system/_content/download.jsp?urltype=news.DownloadAttachUrl&owner=1744984858&wbfileid=14901502'}, {'附件名': '【附件4：福州大学党政领导听课管理实施办法（福大教〔2022〕27号）.doc】', '下载次数': 599, '链接码': '/system/_content/download.jsp?urltype=news.DownloadAttachUrl&owner=1744984858&wbfileid=14901506'}]"
367,实践科,关于举办福州大学第二十一届程序设计竞赛暨校ACM/ICPC集训队选拔赛的通知,2024-04-17,https://jwch.fzu.edu.cn//info/1039/13391.htm,[]
368,教学运行,关于2023-2024学年第二学期《习近平新时代中国特色社会主义思想概论》课程期末考试安排的通知,2024-05-15,https://jwch.fzu.edu.cn//info/1036/13501.htm,"[{'附件名': '【2302习概论期末考试.xlsx】', '下载次数': 849, '链接码': '/system/_content/download.jsp?urltype=news.DownloadAttachUrl&owner=1744984858&wbfileid=14611555'}]"
369,质量办,关于举办福州大学第五十一场“教学有道”  研讨活动的通知,2024-04-26,https://jwch.fzu.edu.cn//info/1040/13410.htm,[]
370,实践科,关于公布第三十期本科生科研训练计划立项项目的通知,2024-06-07,https://jwch.fzu.edu.cn//info/1039/13559.htm,"[{'附件名': '【附件1：福州大学2024年国家级、省级大学生创新创业训练计划推荐立项项目汇总表 .doc】', '下载次数': 4074, '链接码': '/system/_content/download.jsp?urltype=news.DownloadAttachUrl&owner=1744984858&wbfileid=14622146'}, {'附件名': '【附件2：福州大学第30期本科生科研训练计划立项项目汇总表.doc】', '下载次数': 9506, '链接码': '/system/_content/download.jsp?urltype=news.DownloadAttachUrl&owner=1744984858&wbfileid=14621349'}]"
371,计划科,关于召开2024版本科人才培养方案修订工作专题会议的通知,2024-04-11,https://jwch.fzu.edu.cn//info/1038/13379.htm,[]
372,教研教改,福州大学关于开展第八届远志创业实验班招生工作的通知,2024-05-17,https://jwch.fzu.edu.cn//info/1037/13513.htm,"[{'附件名': '【附件1：福州大学第八届远志创业实验班招生简章.docx】', '下载次数': 1621, '链接码': '/system/_content/download.jsp?urltype=news.DownloadAttachUrl&owner=1744984858&wbfileid=14612014'}, {'附件名': '【附件2：远志创业实验班修读申请表.docx】', '下载次数': 887, '链接码': '/system/_content/download.jsp?urltype=news.DownloadAttachUrl&owner=1744984858&wbfileid=14612015'}]"
373,质量办,关于举办福州大学第四十九场“教学有道”研讨活动的通知,2024-04-17,https://jwch.fzu.edu.cn//info/1040/13390.htm,[]
374,实践科,关于举办福州大学第十八届数学建模竞赛的通知,2024-04-19,https://jwch.fzu.edu.cn//info/1039/13396.htm,[]
375,综合科,关于第61届中国高等教育博览会的参会指南,2024-04-12,https://jwch.fzu.edu.cn//content.jsp?urltype=news.NewsContentUrl&wbtreeid=1035&wbnewsid=13378,[]
376,实践科,关于举办福州大学第六届大学生机器人竞赛的通知,2024-04-19,https://jwch.fzu.edu.cn//info/1039/13397.htm,"[{'附件名': '【附件.zip】', '下载次数': 770, '链接码': '/system/_content/download.jsp?urltype=news.DownloadAttachUrl&owner=1744984858&wbfileid=14601554'}]"
377,教学运行,关于2023-2024学年第二学期《工程制图E》课程期末考试安排的通知,2024-04-28,https://jwch.fzu.edu.cn//info/1036/13414.htm,"[{'附件名': '【2302 工程制图E期末考试 5.12上午.xlsx】', '下载次数': 740, '链接码': '/system/_content/download.jsp?urltype=news.DownloadAttachUrl&owner=1744984858&wbfileid=14604454'}]"
378,教学运行,关于2024年清明节放假课程调整的通知,2024-04-01,https://jwch.fzu.edu.cn//info/1036/13343.htm,[]
379,实践科,关于举办2024年福州大学第二十四届数学竞赛的通知,2024-04-23,https://jwch.fzu.edu.cn//info/1039/13405.htm,"[{'附件名': '【附件3：福州大学第二十四届数学竞赛大纲.pdf】', '下载次数': 2869, '链接码': '/system/_content/download.jsp?urltype=news.DownloadAttachUrl&owner=1744984858&wbfileid=14602578'}]"
380,实践科,关于举办福州大学第八届网络信息安全竞赛的通知,2024-03-21,https://jwch.fzu.edu.cn//info/1039/13329.htm,[]
381,教学运行,关于做好2024-2025学年第一学期排课准备工作的通知,2024-03-18,https://jwch.fzu.edu.cn//info/1036/13322.htm,[]
382,实践科,关于举办福州大学第十三届大学生软件设计与服务外包创新创业竞赛的通知,2024-03-13,https://jwch.fzu.edu.cn//info/1039/13312.htm,[]
383,实践科,关于对2024届本科毕业设计（论文）进行查重检测的通知,2024-04-10,https://jwch.fzu.edu.cn//info/1039/13375.htm,"[{'附件名': '【附件：维普论文检测系统查重标准及格式报告说明.doc】', '下载次数': 8355, '链接码': '/system/_content/download.jsp?urltype=news.DownloadAttachUrl&owner=1744984858&wbfileid=14592996'}]"
384,计划科,关于通识选修课《爱课程：美化嗓音 轻松讲课》开课的友情提示,2024-03-13,https://jwch.fzu.edu.cn//info/1038/13310.htm,[]
385,综合科,关于更改2023-2024学年春季学期期初本科教育教学工作会议时间的通知,2024-03-14,https://jwch.fzu.edu.cn//content.jsp?urltype=news.NewsContentUrl&wbtreeid=1035&wbnewsid=13313,[]
386,教学运行,关于2023-2024学年第二学期《线性代数》课程半期考试安排的通知,2024-04-07,https://jwch.fzu.edu.cn//info/1036/13352.htm,"[{'附件名': '【2302线代半期考4.27上午.xlsx】', '下载次数': 870, '链接码': '/system/_content/download.jsp?urltype=news.DownloadAttachUrl&owner=1744984858&wbfileid=14591952'}]"
387,实践科,关于开展2024届本科毕业设计（论文）抽检送审工作的通知,2024-04-26,https://jwch.fzu.edu.cn//info/1039/13411.htm,"[{'附件名': '【附件2：2024届福州大学本科毕业设计（论文）抽检情况汇总表.xls】', '下载次数': 3260, '链接码': '/system/_content/download.jsp?urltype=news.DownloadAttachUrl&owner=1744984858&wbfileid=14604109'}, {'附件名': '【附件1：福建省本科毕业论文（设计）抽检评议要素（试行）.docx】', '下载次数': 2702, '链接码': '/system/_content/download.jsp?urltype=news.DownloadAttachUrl&owner=1744984858&wbfileid=14604108'}]"
388,综合科,关于召开2023-2024学年春季学期期初本科教育教学工作会议的通知,2024-03-13,https://jwch.fzu.edu.cn//content.jsp?urltype=news.NewsContentUrl&wbtreeid=1035&wbnewsid=13309,[]
389,教学通知,福州大学关于推荐新一届教育部高等学校教学指导委员会专家的通知,2024-05-30,https://jwch.fzu.edu.cn//info/1012/13538.htm,"[{'附件名': '【附件4：推荐委员信息一览表.xlsx】', '下载次数': 823, '链接码': '/system/_content/download.jsp?urltype=news.DownloadAttachUrl&owner=1744984858&wbfileid=14619035'}, {'附件名': '【附件2：专家推荐信息表.docx】', '下载次数': 629, '链接码': '/system/_content/download.jsp?urltype=news.DownloadAttachUrl&owner=1744984858&wbfileid=14619038'}, {'附件名': '【附件1：教育部办公厅关于推荐新一届教指委委员的通知.pdf】', '下载次数': 543, '链接码': '/system/_content/download.jsp?urltype=news.DownloadAttachUrl&owner=1744984858&wbfileid=14619036'}, {'附件名': '【附件3：推荐委员汇总表.xlsx】', '下载次数': 512, '链接码': '/system/_content/download.jsp?urltype=news.DownloadAttachUrl&owner=1744984858&wbfileid=14619037'}]"
390,实践科,关于参加2024年（第十届）全国大学生统计建模大赛的通知,2024-03-05,https://jwch.fzu.edu.cn//info/1039/13296.htm,[]
391,教学运行,关于2023-2024学年第二学期重新学习选课、缴费的通知,2024-03-11,https://jwch.fzu.edu.cn//info/1036/13306.htm,[]
392,教学运行,关于2023-2024学年第二学期《概率论与数理统计》课程半期考试安排的通知,2024-04-03,https://jwch.fzu.edu.cn//info/1036/13349.htm,"[{'附件名': '【2302概率半期考4.14下午.xlsx】', '下载次数': 750, '链接码': '/system/_content/download.jsp?urltype=news.DownloadAttachUrl&owner=1744984858&wbfileid=14591439'}]"
393,计划科,关于公布2023-2024学年第二学期通选课取消开课名单的通知,2024-03-04,https://jwch.fzu.edu.cn//info/1038/13293.htm,[]
394,教学运行,关于2023-2024学年第二学期《高等数学A（中）》、《高等数学B（下）》、《高等数学C（下）》课程半期考试安排的通知,2024-04-03,https://jwch.fzu.edu.cn//info/1036/13348.htm,"[{'附件名': '【2302高数半期考4.14上午.xlsx】', '下载次数': 986, '链接码': '/system/_content/download.jsp?urltype=news.DownloadAttachUrl&owner=1744984858&wbfileid=14591438'}]"
395,教学运行,关于2023-2024学年第二学期《大学物理A（上）》、《大学物理B（上）》课程半期考试安排的通知,2024-04-07,https://jwch.fzu.edu.cn//info/1036/13351.htm,"[{'附件名': '【2302大物半期考4.21下午.xlsx】', '下载次数': 852, '链接码': '/system/_content/download.jsp?urltype=news.DownloadAttachUrl&owner=1744984858&wbfileid=14591958'}]"
396,计划科,关于2023-2024学年第二学期爱课程平台参加通识教育选修课学习的重要提示,2024-03-11,https://jwch.fzu.edu.cn//info/1038/13305.htm,[]
397,实践科,关于举办福州大学第十五届企业经营模拟沙盘对抗赛的通知,2024-03-27,https://jwch.fzu.edu.cn//info/1039/13335.htm,"[{'附件名': '【附件：福州大学第十五届企业经营模拟沙盘对抗赛报名表.doc】', '下载次数': 1036, '链接码': '/system/_content/download.jsp?urltype=news.DownloadAttachUrl&owner=1744984858&wbfileid=14589204'}]"
398,教学运行,关于2024届预计毕业生补拍电子注册学历照片的通知,2024-04-10,https://jwch.fzu.edu.cn//info/1036/13374.htm,"[{'附件名': '【附件2：获得图像采集码途径.pdf】', '下载次数': 975, '链接码': '/system/_content/download.jsp?urltype=news.DownloadAttachUrl&owner=1744984858&wbfileid=14592958'}, {'附件名': '【附件1：行政北楼平面图.pdf】', '下载次数': 767, '链接码': '/system/_content/download.jsp?urltype=news.DownloadAttachUrl&owner=1744984858&wbfileid=14592957'}]"
399,实践科,关于举办福州大学第十四届大学生节能减排社会实践与科技竞赛暨第十届材料创新、设计及应用竞赛的通知,2024-03-22,https://jwch.fzu.edu.cn//info/1039/13331.htm,"[{'附件名': '【附件1-4.doc】', '下载次数': 872, '链接码': '/system/_content/download.jsp?urltype=news.DownloadAttachUrl&owner=1744984858&wbfileid=14587055'}]"
400,实践科,关于举办福州大学第四届大学生先进成图技术与产品信息建模创新大赛的通知,2024-03-27,https://jwch.fzu.edu.cn//info/1039/13333.htm,"[{'附件名': '【附件2：福州大学第四届大学生先进成图技术与产品信息建模创新大赛报名表.xls】', '下载次数': 893, '链接码': '/system/_content/download.jsp?urltype=news.DownloadAttachUrl&owner=1744984858&wbfileid=14589086'}]"
401,综合科,关于2023-2024学年第二学期本科生学生证和火车票优惠卡补办及火车票优惠卡更改区间的通知,2024-02-29,https://jwch.fzu.edu.cn//info/1035/13280.htm,[]
402,质量办,关于开展2023年新上岗教师课堂授课达标考核的通知,2024-04-08,https://jwch.fzu.edu.cn//info/1040/13353.htm,"[{'附件名': '【附件1：2023年福州大学新上岗教师教学达标培训班名单汇总表.xlsx】', '下载次数': 972, '链接码': '/system/_content/download.jsp?urltype=news.DownloadAttachUrl&owner=1744984858&wbfileid=14592375'}, {'附件名': '【附件2：2023年新上岗教师课堂授课达标考核情况汇总表-学院一式三份报教务处.docx】', '下载次数': 741, '链接码': '/system/_content/download.jsp?urltype=news.DownloadAttachUrl&owner=1744984858&wbfileid=14592376'}]"
403,实践科,关于转发《关于邀请省内高校大学生参与2024数字中国创新大赛的函》的通知,2024-03-12,https://jwch.fzu.edu.cn//info/1039/13308.htm,"[{'附件名': '【附件：数字中国建设峰会组委会秘书处关于商请邀请省内高校学生参与2024数字中国创新大赛的函.pdf】', '下载次数': 1368, '链接码': '/system/_content/download.jsp?urltype=news.DownloadAttachUrl&owner=1744984858&wbfileid=14583438'}]"
404,教学运行,关于2023-2024第二学期学期选课、辅修选课补退选的通知,2024-02-25,https://jwch.fzu.edu.cn//info/1036/13275.htm,[]
405,综合科,关于召开2023-2024学年秋季学期期末本科教育教学工作会议的通知,2024-01-10,https://jwch.fzu.edu.cn//info/1035/13242.htm,[]
406,实践科,关于组织开展第十七届中国大学生计算机设计大赛福州大学校内预选赛的通知,2024-03-27,https://jwch.fzu.edu.cn//info/1039/13334.htm,"[{'附件名': '【附件2 2024年（第17届）中国大学生计算机设计大赛——校内选拔赛报名表.xlsx】', '下载次数': 936, '链接码': '/system/_content/download.jsp?urltype=news.DownloadAttachUrl&owner=1744984858&wbfileid=14589111'}, {'附件名': '【附件1：中大计赛函[2024]1 号 关于举办“2024 年（第 17 届）中国大学生计算机设计大赛”的 通 知.pdf】', '下载次数': 1279, '链接码': '/system/_content/download.jsp?urltype=news.DownloadAttachUrl&owner=1744984858&wbfileid=14589112'}]"
407,实践科,关于做好第三十期本科生科研训练计划项目立项申报工作的通知,2024-03-05,https://jwch.fzu.edu.cn//info/1039/13294.htm,"[{'附件名': '【第30期SRTP附件.zip】', '下载次数': 3938, '链接码': '/system/_content/download.jsp?urltype=news.DownloadAttachUrl&owner=1744984858&wbfileid=14581442'}]"
408,计划科,关于核对2023-2024学年第二学期通识教育选修课开课信息的通知,2024-01-11,https://jwch.fzu.edu.cn//info/1038/13245.htm,[]
409,综合科,教务处关于2024年寒假用印安排的通知,2024-01-20,https://jwch.fzu.edu.cn//content.jsp?urltype=news.NewsContentUrl&wbtreeid=1035&wbnewsid=13252,[]
410,教学运行,关于做好期末复习考试及下学期开学等工作的通知,2024-01-03,https://jwch.fzu.edu.cn//info/1036/13221.htm,[]
411,计划科,关于通识教育选修课《国际化拔尖创新人才科研训练》宣讲会及选课的通知,2024-02-27,https://jwch.fzu.edu.cn//info/1038/13283.htm,"[{'附件名': '【附件1国际化拔尖创新人才科研训练具体课程清单.xlsx】', '下载次数': 2932, '链接码': '/system/_content/download.jsp?urltype=news.DownloadAttachUrl&owner=1744984858&wbfileid=14580133'}]"
412,计划科,关于2023-2024学年第二学期港澳台侨学生思政课和军事课程退选替代的通知,2024-02-25,https://jwch.fzu.edu.cn//info/1038/13279.htm,"[{'附件名': '【2023-2024学年第二学期国情课列表.docx】', '下载次数': 1164, '链接码': '/system/_content/download.jsp?urltype=news.DownloadAttachUrl&owner=1744984858&wbfileid=14579883'}]"
413,教学运行,关于2024年春季学期《大学物理实验》绪论课程教室安排的通知,2024-01-20,https://jwch.fzu.edu.cn//info/1036/13254.htm,"[{'附件名': '【2024大物实验（上）绪论排课.xlsx】', '下载次数': 1191, '链接码': '/system/_content/download.jsp?urltype=news.DownloadAttachUrl&owner=1744984858&wbfileid=14576449'}]"
414,教学运行,关于2023-2024学年第二学期辅修专业选课的通知,2024-01-09,https://jwch.fzu.edu.cn//info/1036/13241.htm,[]
415,质量办,关于组织教师参加第四届福建省教师教学创新大赛产教融合赛道的通知,2024-03-06,https://jwch.fzu.edu.cn//info/1040/13301.htm,"[{'附件名': '【附件2 福州大学教师教学创新大赛产教融合赛道 学院推荐名单汇总表.docx】', '下载次数': 782, '链接码': '/system/_content/download.jsp?urltype=news.DownloadAttachUrl&owner=1744984858&wbfileid=14581598'}, {'附件名': '【附件1 关于举办第第四届全国高校教师教学创新大赛产教融合赛道赛事的通知.pdf】', '下载次数': 1516, '链接码': '/system/_content/download.jsp?urltype=news.DownloadAttachUrl&owner=1744984858&wbfileid=14581597'}]"
416,质量办,关于上报学院本科教育教学质量保障2023年工作总结和2024年工作计划的通知,2024-01-12,https://jwch.fzu.edu.cn//info/1040/13248.htm,[]
417,教学运行,关于2024年元旦放假课程调整的通知,2023-12-25,https://jwch.fzu.edu.cn//info/1036/13197.htm,[]
418,实践科,关于公布首批大学生示范性校外实践教学基地名单的通知,2023-12-28,https://jwch.fzu.edu.cn//info/1039/13206.htm,[]
419,教学运行,关于2023-2024学年第二学期本科生学期选课的通知,2023-12-25,https://jwch.fzu.edu.cn//info/1036/13198.htm,[]
420,质量办,福州大学关于公布2023年教师教学创新大赛获奖名单的通知,2023-12-26,https://jwch.fzu.edu.cn//info/1040/13201.htm,[]
421,教研教改,福州大学关于开展优秀拔尖创新人才培养案例征集的通知,2024-05-22,https://jwch.fzu.edu.cn//info/1037/13524.htm,"[{'附件名': '【附件1：福建省教育厅办公室关于开展高校优秀拔尖创新人才培养案例研究工作的通知.pdf】', '下载次数': 795, '链接码': '/system/_content/download.jsp?urltype=news.DownloadAttachUrl&owner=1744984858&wbfileid=14613252'}, {'附件名': '【附件2：案例撰写格式.docx】', '下载次数': 650, '链接码': '/system/_content/download.jsp?urltype=news.DownloadAttachUrl&owner=1744984858&wbfileid=14613251'}, {'附件名': '【附件4：案例汇总表.docx】', '下载次数': 648, '链接码': '/system/_content/download.jsp?urltype=news.DownloadAttachUrl&owner=1744984858&wbfileid=14613254'}, {'附件名': '【附件3：案例申报表.docx】', '下载次数': 602, '链接码': '/system/_content/download.jsp?urltype=news.DownloadAttachUrl&owner=1744984858&wbfileid=14613253'}]"
422,实践科,关于对2023年学院教学有关数据进行统计的通知,2024-02-25,https://jwch.fzu.edu.cn//info/1039/13278.htm,"[{'附件名': '【2023年学院教学有关数据统计表格下载.zip】', '下载次数': 1015, '链接码': '/system/_content/download.jsp?urltype=news.DownloadAttachUrl&owner=1744984858&wbfileid=14579832'}]"
423,实践科,关于2024届本科毕业生创新创业实践与素质拓展学分认定工作的通知,2024-02-26,https://jwch.fzu.edu.cn//info/1039/13281.htm,"[{'附件名': '【福州大学本科生创新创业实践与素质拓展学分申报汇总表、申请表.doc】', '下载次数': 2686, '链接码': '/system/_content/download.jsp?urltype=news.DownloadAttachUrl&owner=1744984858&wbfileid=14579917'}]"
424,教学运行,关于2023-2024学年第一学期《高等数学C（上）》、《高等数学D》课程期末考试安排的通知,2024-01-02,https://jwch.fzu.edu.cn//info/1036/13213.htm,"[{'附件名': '【2301高等数学C（上）、D期末考试 1.19下午.xlsx】', '下载次数': 1062, '链接码': '/system/_content/download.jsp?urltype=news.DownloadAttachUrl&owner=1744984858&wbfileid=14571714'}]"
425,教研教改,关于转发教育部高等教育司《关于公布2023年产学合作协同育人项目立项名单的通知》的通知,2023-12-21,https://jwch.fzu.edu.cn//info/1037/13196.htm,[]
426,综合科,关于组织教师参加第61届中国高等教育博览会的通知,2024-04-02,https://jwch.fzu.edu.cn//content.jsp?urltype=news.NewsContentUrl&wbtreeid=1035&wbnewsid=13347,"[{'附件名': '【附件4：参会教师名单收集汇总表.xls】', '下载次数': 465, '链接码': '/system/_content/download.jsp?urltype=news.DownloadAttachUrl&owner=1744984858&wbfileid=14590885'}, {'附件名': '【附件2：高博会日程总览.jpg】', '下载次数': 436, '链接码': '/system/_content/download.jsp?urltype=news.DownloadAttachUrl&owner=1744984858&wbfileid=14590884'}, {'附件名': '【附件3：报名二维码.doc】', '下载次数': 372, '链接码': '/system/_content/download.jsp?urltype=news.DownloadAttachUrl&owner=1744984858&wbfileid=14590883'}, {'附件名': '【附件1：各单位选派教师参会名额安排表.xlsx】', '下载次数': 454, '链接码': '/system/_content/download.jsp?urltype=news.DownloadAttachUrl&owner=1744984858&wbfileid=14590882'}]"
427,教学运行,关于2023-2024学年第一学期《高等数学A（上）》、《高等数学B（上）》课程期末考试安排的通知,2024-01-02,https://jwch.fzu.edu.cn//info/1036/13212.htm,"[{'附件名': '【2301高等数学A（上）、B（上）期末考试 1.19上午.xlsx】', '下载次数': 1171, '链接码': '/system/_content/download.jsp?urltype=news.DownloadAttachUrl&owner=1744984858&wbfileid=14571713'}]"
428,教学运行,关于2023-2024学年第一学期《大学物理A（下）》课程期末考试安排的通知,2024-01-02,https://jwch.fzu.edu.cn//info/1036/13211.htm,"[{'附件名': '【2301大学物理A（下）期末考试 1.18上午.xlsx】', '下载次数': 885, '链接码': '/system/_content/download.jsp?urltype=news.DownloadAttachUrl&owner=1744984858&wbfileid=14571712'}]"
429,教学运行,关于2023-2024学年第一学期《大学英语（二）》课程期末考试安排的通知,2024-01-02,https://jwch.fzu.edu.cn//info/1036/13210.htm,"[{'附件名': '【2301大学英语（二）期末考试 1.15上午、下午.xlsx】', '下载次数': 1023, '链接码': '/system/_content/download.jsp?urltype=news.DownloadAttachUrl&owner=1744984858&wbfileid=14571711'}]"
430,教学运行,关于2023-2024学年第一学期《工程制图A（上）》、《工程制图C（上）》、《工程制图D》、《工程制图F》课程期末考试安排的通知,2024-01-02,https://jwch.fzu.edu.cn//info/1036/13208.htm,"[{'附件名': '【2301制图A(上）、C（上）、D、F期末考试 1.13上午.xlsx】', '下载次数': 810, '链接码': '/system/_content/download.jsp?urltype=news.DownloadAttachUrl&owner=1744984858&wbfileid=14571709'}]"
431,教学运行,关于2023-2024学年第一学期《大学英语（一）》、《大学英语（三）》课程期末考试安排的通知,2024-01-02,https://jwch.fzu.edu.cn//info/1036/13209.htm,"[{'附件名': '【2301大学英语（一）、（三）期末考试 1.14上午.xlsx】', '下载次数': 757, '链接码': '/system/_content/download.jsp?urltype=news.DownloadAttachUrl&owner=1744984858&wbfileid=14571710'}]"
432,教学运行,关于做好2024年3月退役复学学生转专业的通知,2024-02-27,https://jwch.fzu.edu.cn//info/1036/13284.htm,"[{'附件名': '【福州大学参军退伍复学后学生转专业审批表.doc】', '下载次数': 737, '链接码': '/system/_content/download.jsp?urltype=news.DownloadAttachUrl&owner=1744984858&wbfileid=14580283'}, {'附件名': '【福州大学本科生转专业管理实施办法（暂行）.docx】', '下载次数': 1004, '链接码': '/system/_content/download.jsp?urltype=news.DownloadAttachUrl&owner=1744984858&wbfileid=14580282'}]"
433,实践科,关于公布大学生校外实践教学基地检查结果的通知,2023-12-29,https://jwch.fzu.edu.cn//info/1039/13207.htm,"[{'附件名': '【附件：福州大学大学生校外实践教学基地检查评估结果汇总表.xlsx】', '下载次数': 1296, '链接码': '/system/_content/download.jsp?urltype=news.DownloadAttachUrl&owner=1744984858&wbfileid=14569528'}]"
434,实践科,关于组织参加2024年美国大学生数学建模竞赛通知,2024-01-08,https://jwch.fzu.edu.cn//info/1039/13231.htm,"[{'附件名': '【附录：2024年2月美国大学生数学建模竞赛介绍及参赛流程.pdf】', '下载次数': 5559, '链接码': '/system/_content/download.jsp?urltype=news.DownloadAttachUrl&owner=1744984858&wbfileid=14573632'}]"
435,教学运行,关于2023-2024学年第一学期《线性代数》、《线性代数与解析几何》课程期末考试安排的通知,2023-12-21,https://jwch.fzu.edu.cn//info/1036/13194.htm,"[{'附件名': '【2301线代期末考试 1.7上午.xlsx】', '下载次数': 871, '链接码': '/system/_content/download.jsp?urltype=news.DownloadAttachUrl&owner=1744984858&wbfileid=13182803'}]"
436,质量办,关于开学第一周集中听课的通知,2024-02-25,https://jwch.fzu.edu.cn//info/1040/13276.htm,"[{'附件名': '【附件1：福州大学课堂教学质量评估表.doc】', '下载次数': 639, '链接码': '/system/_content/download.jsp?urltype=news.DownloadAttachUrl&owner=1744984858&wbfileid=14579817'}, {'附件名': '【附件2：2023-2024学年第二学期第一周课表.xlsx】', '下载次数': 710, '链接码': '/system/_content/download.jsp?urltype=news.DownloadAttachUrl&owner=1744984858&wbfileid=14579818'}, {'附件名': '【附件3：福州大学党政领导听课管理实施办法（福大教〔2022〕27号）.doc】', '下载次数': 573, '链接码': '/system/_content/download.jsp?urltype=news.DownloadAttachUrl&owner=1744984858&wbfileid=14579819'}]"
437,质量办,关于2023年新上岗教师教学达标培训班教师配备导师的通知,2023-12-15,https://jwch.fzu.edu.cn//info/1040/13173.htm,"[{'附件名': '【2023年福州大学新上岗教师教学达标培训班名单（配导师）.xlsx】', '下载次数': 1587, '链接码': '/system/_content/download.jsp?urltype=news.DownloadAttachUrl&owner=1744984858&wbfileid=13179265'}]"
438,教学运行,关于2023-2024学年第一学期《大学英语（四）》课程期末考试安排的通知,2023-12-21,https://jwch.fzu.edu.cn//info/1036/13195.htm,"[{'附件名': '【2301英语四期末考试 1.7下午.xlsx】', '下载次数': 992, '链接码': '/system/_content/download.jsp?urltype=news.DownloadAttachUrl&owner=1744984858&wbfileid=13182804'}]"
439,教学运行,关于2023-2024学年第一学期《中国近现代史纲要》课程期末考试安排的通知,2023-12-18,https://jwch.fzu.edu.cn//info/1036/13181.htm,"[{'附件名': '【2301 近现代史纲要期末考 .xlsx】', '下载次数': 1241, '链接码': '/system/_content/download.jsp?urltype=news.DownloadAttachUrl&owner=1744984858&wbfileid=13180640'}]"
440,计划科,关于2023-2024学年第二学期修读辅修专业学生名单的公示,2023-12-04,https://jwch.fzu.edu.cn//info/1038/13154.htm,[]
441,教研教改,关于公布2023年福州大学课程思政示范项目立项建设名单的通知,2023-11-28,https://jwch.fzu.edu.cn//info/1037/13151.htm,[]
442,实践科,关于做好2023年省级以上大学生创新创业训练计划项目和第二十九期本科生科研训练计划项目中期检查工作的通知,2023-12-19,https://jwch.fzu.edu.cn//info/1039/13191.htm,"[{'附件名': '【附件.zip】', '下载次数': 2440, '链接码': '/system/_content/download.jsp?urltype=news.DownloadAttachUrl&owner=1744984858&wbfileid=13181295'}]"
443,实践科,关于推荐申报实验教学和教学实验室建设研究项目的通知,2024-02-06,https://jwch.fzu.edu.cn//info/1039/13272.htm,"[{'附件名': '【附件1：实验教学和教学实验室建设研究项目申报书.docx】', '下载次数': 998, '链接码': '/system/_content/download.jsp?urltype=news.DownloadAttachUrl&owner=1744984858&wbfileid=14578976'}, {'附件名': '【附件2：实验教学和教学实验室建设研究项目推荐汇总表（福建省）.xls】', '下载次数': 884, '链接码': '/system/_content/download.jsp?urltype=news.DownloadAttachUrl&owner=1744984858&wbfileid=14578975'}, {'附件名': '【附件3：教高司函〔2024〕1号教育部高等教育司关于开展实验教学和教学实验室建设研究工作的通知（3月29日前）.pdf】', '下载次数': 1079, '链接码': '/system/_content/download.jsp?urltype=news.DownloadAttachUrl&owner=1744984858&wbfileid=14578977'}]"
444,教研教改,关于开展福建省第二批新工科教育优秀教学案例征集、实践平台共建共享推荐工作的通知,2023-12-26,https://jwch.fzu.edu.cn//info/1037/13204.htm,"[{'附件名': '【第二批福建省新工科教育联盟新工科教育优秀教学案例征集、实践平台共建共享工作附件3——附件6.rar】', '下载次数': 838, '链接码': '/system/_content/download.jsp?urltype=news.DownloadAttachUrl&owner=1744984858&wbfileid=13183994'}, {'附件名': '【福建省新工科教育联盟关于开展第二批新工科教育优秀教学案例征集、实践平台共建共享工作的通知（含章）.pdf】', '下载次数': 1188, '链接码': '/system/_content/download.jsp?urltype=news.DownloadAttachUrl&owner=1744984858&wbfileid=13183995'}]"
445,综合科,关于2023-2024学年第一学期再次开放本科生学生证和火车票优惠卡补办及火车票优惠卡更改区间的通知,2023-11-14,https://jwch.fzu.edu.cn//info/1035/13132.htm,[]
446,教研教改,关于开展福建省高校第二批课程思政优秀教学案例推荐工作的通知,2023-12-26,https://jwch.fzu.edu.cn//info/1037/13203.htm,"[{'附件名': '【福建省高校课程思政教育联盟关于开展第二批课程思政优秀教学案例征集工作的通知20231127.docx】', '下载次数': 1138, '链接码': '/system/_content/download.jsp?urltype=news.DownloadAttachUrl&owner=1744984858&wbfileid=13183975'}, {'附件名': '【福建省高校课程思政教育联盟关于开展第二批课程思政优秀教学案例征集工作的通知（含章）.pdf】', '下载次数': 1488, '链接码': '/system/_content/download.jsp?urltype=news.DownloadAttachUrl&owner=1744984858&wbfileid=13183976'}]"
447,教材中心,关于开展2024年拟出版本科教材审核工作的通知,2024-04-29,https://jwch.fzu.edu.cn//info/1042/13417.htm,"[{'附件名': '【附件1：福州大学教材管理实施细则（试行）.pdf】', '下载次数': 921, '链接码': '/system/_content/download.jsp?urltype=news.DownloadAttachUrl&owner=1744984858&wbfileid=14620223'}, {'附件名': '【附件2：福州大学本科教材编写人员汇总表.docx】', '下载次数': 706, '链接码': '/system/_content/download.jsp?urltype=news.DownloadAttachUrl&owner=1744984858&wbfileid=14620221'}, {'附件名': '【附件3：福州大学本科教材编写人员审核表.docx】', '下载次数': 537, '链接码': '/system/_content/download.jsp?urltype=news.DownloadAttachUrl&owner=1744984858&wbfileid=14918142'}, {'附件名': '【附件4：福州大学本科教材校外编写人员审核表.docx】', '下载次数': 667, '链接码': '/system/_content/download.jsp?urltype=news.DownloadAttachUrl&owner=1744984858&wbfileid=14620634'}, {'附件名': '【附件5：福州大学本科教材编写审核表.docx】', '下载次数': 747, '链接码': '/system/_content/download.jsp?urltype=news.DownloadAttachUrl&owner=1744984858&wbfileid=14620225'}, {'附件名': '【附件6：2024年福州大学拟出版教材汇总表.xlsx】', '下载次数': 675, '链接码': '/system/_content/download.jsp?urltype=news.DownloadAttachUrl&owner=1744984858&wbfileid=14620226'}]"
448,计划科,关于组织申报2023-2024学年第二学期通识教育选修课的通知,2023-11-13,https://jwch.fzu.edu.cn//info/1038/13121.htm,[]
449,教学运行,关于2023-2024学年第一学期计算机语言类课程期末考试安排的通知,2023-12-21,https://jwch.fzu.edu.cn//info/1036/13193.htm,"[{'附件名': '【2301 计算机语言期末考试 1.6上午.xlsx】', '下载次数': 756, '链接码': '/system/_content/download.jsp?urltype=news.DownloadAttachUrl&owner=1744984858&wbfileid=13182800'}]"
450,教学运行,关于2023-2024学年第一学期《思想道德与法治》课程期末考试安排的通知,2023-12-18,https://jwch.fzu.edu.cn//info/1036/13182.htm,"[{'附件名': '【2301思法随堂考.xlsx】', '下载次数': 1420, '链接码': '/system/_content/download.jsp?urltype=news.DownloadAttachUrl&owner=1744984858&wbfileid=13180641'}]"
451,实践科,关于开展大学生校外实践教学基地抽检评审的通知,2023-11-29,https://jwch.fzu.edu.cn//info/1039/13152.htm,"[{'附件名': '【附件：福州大学大学生校外实践教学基地抽查评审一览表.xlsx】', '下载次数': 1369, '链接码': '/system/_content/download.jsp?urltype=news.DownloadAttachUrl&owner=1744984858&wbfileid=13173085'}]"
452,教研教改,关于转发福建省高等教育研究院《“福建省高等教育改革与研究项目”申报通知》的通知,2023-11-13,https://jwch.fzu.edu.cn//info/1037/13122.htm,[]
453,实践科,关于做好2024届本科生毕业设计（论文）工作的通知,2023-12-04,https://jwch.fzu.edu.cn//info/1039/13155.htm,"[{'附件名': '【附件：2024届福州大学本科生毕业设计（论文）有关表格.zip】', '下载次数': 4365, '链接码': '/system/_content/download.jsp?urltype=news.DownloadAttachUrl&owner=1744984858&wbfileid=13175534'}]"
454,教学运行,关于2023-2024学年第一学期《马克思主义基本原理》课程期末考试安排的通知,2023-12-05,https://jwch.fzu.edu.cn//info/1036/13163.htm,"[{'附件名': '【2301 马克思主义基本原理期末随堂考.xlsx】', '下载次数': 1007, '链接码': '/system/_content/download.jsp?urltype=news.DownloadAttachUrl&owner=1744984858&wbfileid=13175500'}]"
455,计划科,关于2023-2024学年第一学期在校学生申请辅修专业的通知,2023-11-06,https://jwch.fzu.edu.cn//info/1038/13094.htm,[]
456,教学运行,关于2023-2024学年第一学期《毛泽东思想和中国特色社会主义理论体系概论》课程期末考试安排的通知,2023-12-05,https://jwch.fzu.edu.cn//info/1036/13162.htm,"[{'附件名': '【2301 毛概论期末随堂考.xlsx】', '下载次数': 1047, '链接码': '/system/_content/download.jsp?urltype=news.DownloadAttachUrl&owner=1744984858&wbfileid=13175476'}]"
457,教学运行,关于2023-2024学年第一学期《大学物理B（下）》课程期末考试安排的通知,2023-11-27,https://jwch.fzu.edu.cn//info/1036/13146.htm,"[{'附件名': '【2301大物B（下）期末考12.17下午.xlsx】', '下载次数': 991, '链接码': '/system/_content/download.jsp?urltype=news.DownloadAttachUrl&owner=1744984858&wbfileid=13171844'}]"
458,教材中心,转发教育部办公厅关于印发《 “十四五”普通高等教育本科国家级规划教材建设实施方案》的通知,2023-12-05,https://jwch.fzu.edu.cn//info/1042/13164.htm,"[{'附件名': '【教育部办公厅关于印发《“十四五”普通高等教育本科国家级规划教材建设实施方案》的通知.pdf】', '下载次数': 976, '链接码': '/system/_content/download.jsp?urltype=news.DownloadAttachUrl&owner=1744984858&wbfileid=13175516'}]"
459,实践科,关于公布第十五届蓝桥杯全国软件和信息技术专业人才大赛省赛参赛资格名单的通知,2023-11-22,https://jwch.fzu.edu.cn//info/1039/13142.htm,"[{'附件名': '【附件1.docx】', '下载次数': 2310, '链接码': '/system/_content/download.jsp?urltype=news.DownloadAttachUrl&owner=1744984858&wbfileid=13169777'}]"
460,教学运行,关于2023-2024学年第一学期《概率论与数理统计》课程期末考试安排的通知,2023-11-27,https://jwch.fzu.edu.cn//info/1036/13147.htm,"[{'附件名': '【2301概率期末考12.17上午.xlsx】', '下载次数': 945, '链接码': '/system/_content/download.jsp?urltype=news.DownloadAttachUrl&owner=1744984858&wbfileid=13171845'}]"
461,质量办,关于举办福州大学第四十七场“教学有道”研讨活动暨2023年教师教学创新大赛培训会的通知,2023-10-19,https://jwch.fzu.edu.cn//info/1040/13041.htm,[]
462,计划科,关于2023-2024学年第二学期通识教育选修课选课的通知,2024-02-25,https://jwch.fzu.edu.cn//info/1038/13277.htm,"[{'附件名': '【超星尔雅使用手册（学生版）.pdf】', '下载次数': 2655, '链接码': '/system/_content/download.jsp?urltype=news.DownloadAttachUrl&owner=1744984858&wbfileid=14579829'}, {'附件名': '【24春夏智慧树学生手册更新（可导学用）最新E(2).pptx】', '下载次数': 778, '链接码': '/system/_content/download.jsp?urltype=news.DownloadAttachUrl&owner=1744984858&wbfileid=14583720'}, {'附件名': '【慕课堂学生操作手册.pdf】', '下载次数': 2624, '链接码': '/system/_content/download.jsp?urltype=news.DownloadAttachUrl&owner=1744984858&wbfileid=14579831'}]"
463,教材中心,关于召开教材建设研讨会暨福州大学第四十八场“教学有道”研讨会的通知,2023-10-23,https://jwch.fzu.edu.cn//info/1042/13052.htm,[]
464,综合科,关于福州大学智慧教室二期使用培训的通知,2023-10-24,https://jwch.fzu.edu.cn//content.jsp?urltype=news.NewsContentUrl&wbtreeid=1035&wbnewsid=13062,[]
465,教学运行,关于做好2023学年本科生转专业工作的通知,2023-10-19,https://jwch.fzu.edu.cn//info/1036/13043.htm,[]
466,实践科,关于举办第十五届蓝桥杯全国软件和信息技术专业人才大赛福州大学选拔赛的通知,2023-10-20,https://jwch.fzu.edu.cn//info/1039/13051.htm,[]
467,教学运行,关于2023-2024学年第一学期《高等数学A（下）》课程期末考试安排的通知,2023-11-08,https://jwch.fzu.edu.cn//info/1036/13105.htm,"[{'附件名': '【2301高数A（下）期末考12.3下午.xlsx】', '下载次数': 927, '链接码': '/system/_content/download.jsp?urltype=news.DownloadAttachUrl&owner=1744984858&wbfileid=13163693'}]"
468,实践科,关于举办福州大学第十届桥梁设计大赛的通知,2023-12-06,https://jwch.fzu.edu.cn//info/1039/13167.htm,"[{'附件名': '【附件1：福州大学第十届桥梁设计大赛报名表20231126.doc】', '下载次数': 860, '链接码': '/system/_content/download.jsp?urltype=news.DownloadAttachUrl&owner=1744984858&wbfileid=13176359'}, {'附件名': '【附件2：福州大学第十届桥梁设计大赛-竞赛细则20231126.doc】', '下载次数': 895, '链接码': '/system/_content/download.jsp?urltype=news.DownloadAttachUrl&owner=1744984858&wbfileid=13178630'}, {'附件名': '【附件3：福州大学第十届桥梁设计大赛-桥址信息20231126.docx】', '下载次数': 982, '链接码': '/system/_content/download.jsp?urltype=news.DownloadAttachUrl&owner=1744984858&wbfileid=13176358'}]"
469,教学运行,关于2023-2024学年第一学期《工程制图E》、《画法几何》课程期末考试安排的通知,2023-11-08,https://jwch.fzu.edu.cn//info/1036/13109.htm,"[{'附件名': '【2301画法几何、工程制图E期末考12.10下午.xlsx】', '下载次数': 1036, '链接码': '/system/_content/download.jsp?urltype=news.DownloadAttachUrl&owner=1744984858&wbfileid=13163784'}]"
470,教学运行,关于组织2023级新生开展学籍信息自查工作的通知,2023-10-09,https://jwch.fzu.edu.cn//info/1036/13029.htm,[]
471,教学运行,关于2023-2024学年第一学期《线性代数》、《线性代数与解析几何》课程半期考试安排的通知,2023-11-08,https://jwch.fzu.edu.cn//info/1036/13107.htm,"[{'附件名': '【2301线性代数、线性代数与解析几何半期考12.9下午.xlsx】', '下载次数': 993, '链接码': '/system/_content/download.jsp?urltype=news.DownloadAttachUrl&owner=1744984858&wbfileid=13163769'}]"
472,教学运行,关于公布2023学年各学院转专业实施细则的通知,2023-11-07,https://jwch.fzu.edu.cn//info/1036/13102.htm,"[{'附件名': '【2023转专业细则.pdf】', '下载次数': 10874, '链接码': '/system/_content/download.jsp?urltype=news.DownloadAttachUrl&owner=1744984858&wbfileid=13163597'}]"
473,教材中心,关于做好2023-2024学年第二学期教材选用及征订工作的通知,2023-11-23,https://jwch.fzu.edu.cn//info/1042/13144.htm,"[{'附件名': '【附件1：已出版马克思主义理论研究和建设工程重点教材目录（截至2023年09月，共计116种）.xlsx】', '下载次数': 1038, '链接码': '/system/_content/download.jsp?urltype=news.DownloadAttachUrl&owner=1744984858&wbfileid=13170310'}, {'附件名': '【附件2：全国大中专教学用书目录(2024春).xlsx】', '下载次数': 1072, '链接码': '/system/_content/download.jsp?urltype=news.DownloadAttachUrl&owner=1744984858&wbfileid=13170311'}]"
474,计划科,关于通识选修课《爱课程：美化嗓音 轻松讲课》开课的友情提示,2023-09-18,https://jwch.fzu.edu.cn//info/1038/13000.htm,[]
475,实践科,关于公布第十二届大学生软件设计与服务外包创新创业竞赛获奖名单的通知,2023-09-19,https://jwch.fzu.edu.cn//info/1039/13011.htm,[]
476,教学运行,关于2023-2024学年第一学期《习近平新时代中国特色社会主义思想概论》课程期末考试安排的通知,2023-11-07,https://jwch.fzu.edu.cn//info/1036/13101.htm,"[{'附件名': '【2301习概论随堂考.xlsx】', '下载次数': 1198, '链接码': '/system/_content/download.jsp?urltype=news.DownloadAttachUrl&owner=1744984858&wbfileid=13163586'}]"
477,教学运行,2023-2024-01学期2023级体育理论教室安排表,2023-09-20,https://jwch.fzu.edu.cn//info/1036/13014.htm,[]
478,计划科,关于2023-2024学年第一学期爱课程平台参加通识教育选修课学习的重要提示,2023-09-18,https://jwch.fzu.edu.cn//info/1038/13001.htm,[]
479,教学运行,关于2023-2024学年第一学期《高等数学A（上）》、《高等数学B（上）》、《高等数学C（上）》、《高等数学D》课程半期考试安排的通知,2023-11-08,https://jwch.fzu.edu.cn//info/1036/13108.htm,"[{'附件名': '【2301高数C(上）、D半期考12.10上午.xlsx】', '下载次数': 923, '链接码': '/system/_content/download.jsp?urltype=news.DownloadAttachUrl&owner=1744984858&wbfileid=13163772'}, {'附件名': '【2301高数A(上）、B（上）半期考12.10上午.xlsx】', '下载次数': 1069, '链接码': '/system/_content/download.jsp?urltype=news.DownloadAttachUrl&owner=1744984858&wbfileid=13163771'}]"
480,教研教改,福州大学关于公布2023级“数理金融实验班”学生名单的通知,2023-09-14,https://jwch.fzu.edu.cn//info/1037/12994.htm,[]
481,质量办,关于举办福州大学第四十六场“教学有道”研讨活动的通知,2023-09-14,https://jwch.fzu.edu.cn//info/1040/12997.htm,[]
482,实践科,关于2023年高校教学基本状态数据库教学相关数据报送的通知,2023-10-16,https://jwch.fzu.edu.cn//info/1039/13035.htm,"[{'附件名': '【2023年本科教学相关数据报送表格.zip】', '下载次数': 1014, '链接码': '/system/_content/download.jsp?urltype=news.DownloadAttachUrl&owner=1744984858&wbfileid=13145324'}]"
483,教学运行,关于2023年中秋节、国庆节放假课程调整的通知,2023-09-25,https://jwch.fzu.edu.cn//info/1036/13017.htm,[]
484,教学运行,关于做好2023-2024学年第二学期排课准备工作的通知,2023-09-20,https://jwch.fzu.edu.cn//info/1036/13013.htm,[]
485,教研教改,福州大学关于公布2023级 “嘉锡化学拔尖班”学生名单的通知,2023-09-14,https://jwch.fzu.edu.cn//info/1037/12996.htm,[]
486,教学运行,关于2023-2024学年第一学期重新学习选课、缴费的通知,2023-09-11,https://jwch.fzu.edu.cn//info/1036/12983.htm,[]
487,教研教改,福州大学关于公布2023级“数理综合班”学生名单的通知,2023-09-14,https://jwch.fzu.edu.cn//info/1037/12995.htm,[]
488,教学运行,关于2023-2024学年第一学期《概率与数理统计》课程半期考试安排的通知,2023-10-08,https://jwch.fzu.edu.cn//info/1036/13027.htm,"[{'附件名': '【10.21晚概率半期考.xlsx】', '下载次数': 1105, '链接码': '/system/_content/download.jsp?urltype=news.DownloadAttachUrl&owner=1744984858&wbfileid=13142824'}]"
489,教学运行,关于2023-2024学年第一学期《高等数学A（下）》课程半期考试安排的通知,2023-10-17,https://jwch.fzu.edu.cn//info/1036/13039.htm,"[{'附件名': '【2301高数A（下）半期考10.22晚.xlsx】', '下载次数': 1178, '链接码': '/system/_content/download.jsp?urltype=news.DownloadAttachUrl&owner=1744984858&wbfileid=13145543'}]"
490,质量办,关于期中党政领导集中听课的通知,2023-10-30,https://jwch.fzu.edu.cn//info/1040/13079.htm,"[{'附件名': '【附件1：福州大学课堂教学质量评估表.doc】', '下载次数': 791, '链接码': '/system/_content/download.jsp?urltype=news.DownloadAttachUrl&owner=1744984858&wbfileid=13157962'}, {'附件名': '【附件2：第10周课表.xlsx】', '下载次数': 909, '链接码': '/system/_content/download.jsp?urltype=news.DownloadAttachUrl&owner=1744984858&wbfileid=13157963'}]"
491,教材中心,关于组织申报福建省“十四五”普通高等教育本科规划教材建设项目的通知,2024-01-18,https://jwch.fzu.edu.cn//info/1042/13251.htm,"[{'附件名': '【福建省教育厅关于开展福建省“十四五”普通高等教育本科规划教材建设工作的通知.pdf】', '下载次数': 1111, '链接码': '/system/_content/download.jsp?urltype=news.DownloadAttachUrl&owner=1744984858&wbfileid=14575797'}, {'附件名': '【附件1.福建省普通高等教育“十四五”规划教材建设立项申报书.docx】', '下载次数': 1014, '链接码': '/system/_content/download.jsp?urltype=news.DownloadAttachUrl&owner=1744984858&wbfileid=14575798'}, {'附件名': '【附件2.福建省普通高等学校“十四五”规划教材建设项目申报汇总表.docx】', '下载次数': 819, '链接码': '/system/_content/download.jsp?urltype=news.DownloadAttachUrl&owner=1744984858&wbfileid=14575799'}, {'附件名': '【单位审核意见书（参考模板）.docx】', '下载次数': 954, '链接码': '/system/_content/download.jsp?urltype=news.DownloadAttachUrl&owner=1744984858&wbfileid=14575800'}]"
492,质量办,关于开展福州大学2023年教师教学创新大赛的通知,2023-10-08,https://jwch.fzu.edu.cn//info/1040/13028.htm,"[{'附件名': '【附件1-4.rar】', '下载次数': 925, '链接码': '/system/_content/download.jsp?urltype=news.DownloadAttachUrl&owner=1744984858&wbfileid=13142915'}]"
493,教学运行,关于2023-2024学年第一学期《大学物理A（下）》、《大学物理B（下）》课程半期考试安排的通知,2023-10-16,https://jwch.fzu.edu.cn//info/1036/13038.htm,"[{'附件名': '【10.29晚大物B（下）半期考.xlsx】', '下载次数': 968, '链接码': '/system/_content/download.jsp?urltype=news.DownloadAttachUrl&owner=1744984858&wbfileid=13145374'}, {'附件名': '【10.28晚大物A（下）半期考.xlsx】', '下载次数': 935, '链接码': '/system/_content/download.jsp?urltype=news.DownloadAttachUrl&owner=1744984858&wbfileid=13145373'}]"
494,实践科,关于举办第十四届全国大学生电子商务“三创赛”福州大学校赛的通知,2023-11-17,https://jwch.fzu.edu.cn//info/1039/13134.htm,"[{'附件名': '【附件1.团队高校指导老师承诺书.doc】', '下载次数': 953, '链接码': '/system/_content/download.jsp?urltype=news.DownloadAttachUrl&owner=1744984858&wbfileid=13168775'}, {'附件名': '【附件2.参赛团队承诺与说明书.doc】', '下载次数': 921, '链接码': '/system/_content/download.jsp?urltype=news.DownloadAttachUrl&owner=1744984858&wbfileid=13168776'}, {'附件名': '【附件3.校级赛计划书模板.docx】', '下载次数': 1156, '链接码': '/system/_content/download.jsp?urltype=news.DownloadAttachUrl&owner=1744984858&wbfileid=13168777'}, {'附件名': '【附件4.校级赛比赛报名表.xlsx】', '下载次数': 931, '链接码': '/system/_content/download.jsp?urltype=news.DownloadAttachUrl&owner=1744984858&wbfileid=13168778'}]"
495,实践科,关于公布第二十七、二十八期本科生科研训练计划项目结题成绩的通知,2023-09-15,https://jwch.fzu.edu.cn//info/1039/12998.htm,"[{'附件名': '【福州大学第二十七期本科生科研训练计划项目结题成绩汇总表.xls】', '下载次数': 2431, '链接码': '/system/_content/download.jsp?urltype=news.DownloadAttachUrl&owner=1744984858&wbfileid=13134048'}, {'附件名': '【福州大学第二十八期本科生科研训练计划项目结题成绩汇总表.xls】', '下载次数': 4347, '链接码': '/system/_content/download.jsp?urltype=news.DownloadAttachUrl&owner=1744984858&wbfileid=13134049'}]"
496,教学运行,关于做好2024届预计毕业生电子注册图像采集工作的通知,2023-10-16,https://jwch.fzu.edu.cn//info/1036/13034.htm,"[{'附件名': '【附件1：各学院分班拍照顺序.pdf】', '下载次数': 1663, '链接码': '/system/_content/download.jsp?urltype=news.DownloadAttachUrl&owner=1744984858&wbfileid=13145312'}, {'附件名': '【附件2：获得图像采集码途径.pdf】', '下载次数': 1604, '链接码': '/system/_content/download.jsp?urltype=news.DownloadAttachUrl&owner=1744984858&wbfileid=13145313'}]"
497,教学运行,关于做好2023年参军退役学生转专业的通知,2023-09-08,https://jwch.fzu.edu.cn//info/1036/12981.htm,"[{'附件名': '【福州大学本科生转专业管理实施办法（暂行）.docx】', '下载次数': 1247, '链接码': '/system/_content/download.jsp?urltype=news.DownloadAttachUrl&owner=1744984858&wbfileid=13053671'}, {'附件名': '【福州大学参军退伍复学后学生转专业审批表.doc】', '下载次数': 929, '链接码': '/system/_content/download.jsp?urltype=news.DownloadAttachUrl&owner=1744984858&wbfileid=13053672'}]"
498,实践科,关于公布省级以上大学生创新创业训练计划项目结题成绩的通知,2023-09-15,https://jwch.fzu.edu.cn//info/1039/12999.htm,"[{'附件名': '【福州大学2022年省级及以上大学生创新创业训练计划项目结题成绩汇总表.xls】', '下载次数': 2762, '链接码': '/system/_content/download.jsp?urltype=news.DownloadAttachUrl&owner=1744984858&wbfileid=13134050'}, {'附件名': '【福州大学2021年国家级、省级大学生创新创业训练计划项目结题成绩汇总表.xls】', '下载次数': 1597, '链接码': '/system/_content/download.jsp?urltype=news.DownloadAttachUrl&owner=1744984858&wbfileid=13134051'}]"
499,教研教改,福州大学关于开展第三批国家级一流本科课程申报推荐工作的通知,2023-12-06,https://jwch.fzu.edu.cn//info/1037/13166.htm,"[{'附件名': '【附件2：教育部关于一流本科课程建设的实施意见（教高〔2019〕8号）.doc】', '下载次数': 970, '链接码': '/system/_content/download.jsp?urltype=news.DownloadAttachUrl&owner=1744984858&wbfileid=13176112'}, {'附件名': '【附件1：教育部办公厅关于开展第三批国家级 一流本科课程认定工作的通知（教高厅函〔2023〕24 号）.pdf】', '下载次数': 828, '链接码': '/system/_content/download.jsp?urltype=news.DownloadAttachUrl&owner=1744984858&wbfileid=13176113'}, {'附件名': '【附件3：第三批国家级一流本科课程申报说明.pdf】', '下载次数': 2030, '链接码': '/system/_content/download.jsp?urltype=news.DownloadAttachUrl&owner=1744984858&wbfileid=13176114'}, {'附件名': '【附件4：社会实践课程申报书（第三批）.docx】', '下载次数': 762, '链接码': '/system/_content/download.jsp?urltype=news.DownloadAttachUrl&owner=1744984858&wbfileid=13176115'}, {'附件名': '【附件4：课程数据信息表（线上课程申报书附件）.docx】', '下载次数': 932, '链接码': '/system/_content/download.jsp?urltype=news.DownloadAttachUrl&owner=1744984858&wbfileid=13176116'}, {'附件名': '【附件4：线上课程申报书（第三批）.docx】', '下载次数': 1099, '链接码': '/system/_content/download.jsp?urltype=news.DownloadAttachUrl&owner=1744984858&wbfileid=13176117'}, {'附件名': '【附件4：线下课程申报书（第三批）.docx】', '下载次数': 890, '链接码': '/system/_content/download.jsp?urltype=news.DownloadAttachUrl&owner=1744984858&wbfileid=13176118'}, {'附件名': '【附件4：虚拟仿真实验教学课程申报书（第三批）.docx】', '下载次数': 1087, '链接码': '/system/_content/download.jsp?urltype=news.DownloadAttachUrl&owner=1744984858&wbfileid=13176119'}, {'附件名': '【附件4；线上线下混合式课程申报书（第三批）.docx】', '下载次数': 892, '链接码': '/system/_content/download.jsp?urltype=news.DownloadAttachUrl&owner=1744984858&wbfileid=13176120'}]"
